CD_auc,HYP_auc,MI_auc,NORM_auc,STTC_auc,macro_auc,n,seed,subgroup,variant
0.905455585604327,0.9027781271749977,0.9164272275133819,0.9422645314482114,0.9184232416551626,0.9170697426792163,1066,2024,sex_male,none
0.9276988661029016,0.9128793788773728,0.9320833081312123,0.9561122017517366,0.9441986198358698,0.9345944749398185,1132,2024,sex_female,none
0.8537450921171851,0.9492878722485973,0.9733260751224824,0.8927379893238434,0.9659995177236556,0.9270193093071526,345,2024,age_lt45,none
0.9020885898514158,0.909700722394221,0.9172008547008547,0.9299242424242424,0.9460485133020344,0.9209925845345536,703,2024,age_45_65,none
0.9250820964869737,0.8908712718855264,0.9026708022466259,0.9506805936288873,0.9088713080168777,0.9156352144529782,1150,2024,age_gt65,none
0.9450856743376468,0.9164031203879401,0.937955298617498,0.9546566823667942,0.9345861561119293,0.9377373863643618,660,2024,meta_complete,none
0.9057054099994138,0.9009524673439767,0.9220468807481866,0.9492416870057262,0.9326434418279862,0.922117977385058,1538,2024,meta_incomplete,none
0.9096941959642189,0.9106018297233612,0.9116821998259509,0.9431391469968522,0.921777105235213,0.9193788955491191,1066,2025,sex_male,none
0.9261143621177655,0.9081912403878302,0.9354140204439605,0.9534569113057486,0.9498324362750076,0.9346017941060625,1132,2025,sex_female,none
0.8545001510117789,0.9507984462667242,0.9885683179096353,0.8981316725978649,0.965758379551483,0.9315513934674972,345,2025,age_lt45,none
0.9023689374824783,0.9187442289935365,0.9148777579010137,0.9269363897596655,0.9495565988523735,0.9224967825978135,703,2025,age_45_65,none
0.9281697388831915,0.8880432824331629,0.9023388381255762,0.9493769102309607,0.9140611814345992,0.9163979902214981,1150,2025,age_gt65,none
0.9416615542651695,0.9142069013985522,0.9452692740040001,0.9562665587282897,0.9362709867452136,0.9387350550282451,660,2025,meta_complete,none
0.9091143543754763,0.9048847968069667,0.920239358478449,0.9473959932486465,0.9369059626799086,0.9237080931178895,1538,2025,meta_incomplete,none
0.9120033284793011,0.9107024561226971,0.9142443203088157,0.9415995345021378,0.9229098085023538,0.920291889583061,1066,2026,sex_male,none
0.9275556095782181,0.9136892157955349,0.9310711909514305,0.9539130927212323,0.9468728691842331,0.9346203956461296,1132,2026,sex_female,none
0.8526880096647539,0.9633146309883469,0.9692433315187806,0.8977980427046263,0.9599710634193392,0.9286030156591693,345,2026,age_lt45,none
0.9057471264367816,0.918391179186356,0.9204432518386007,0.9273037486938349,0.9459963484611371,0.9235763309233421,703,2026,age_45_65,none
0.9306465167765606,0.8913134864524018,0.8979830664766535,0.9496014116016005,0.9158544303797469,0.9170797823373927,1150,2026,age_gt65,none
0.9467263985390421,0.9186520486330733,0.9412108205959211,0.9547026788342655,0.93519882179676,0.9392981536798123,660,2026,meta_complete,none
0.9096207725221264,0.9070618650217706,0.9193589888082475,0.9474306867403209,0.9366150056251697,0.924017463743527,1538,2026,meta_incomplete,none
0.9102922820886207,0.9087318558023697,0.9137192557696329,0.9406743213597741,0.9190205656436939,0.9184876561328181,1066,2027,sex_male,none
0.9266049071871363,0.9123741595155839,0.93574870461098,0.954422757475083,0.9482801143205327,0.9354861286218632,1132,2027,sex_female,none
0.8474781032920569,0.9613724643936123,0.9776810016330975,0.8998554270462634,0.9639498432601881,0.9300673679250437,345,2027,age_lt45,none
0.9107232968881414,0.9122263863994351,0.9234993043132579,0.9287405303030303,0.9472352634324466,0.9244849562672623,703,2027,age_45_65,none
0.9266370243124071,0.8920286729741386,0.9011283426942744,0.9473879068595015,0.9121554149085794,0.9158674723497802,1150,2027,age_gt65,none
0.9472542837168824,0.9191615714386112,0.939225390151681,0.9520532823079187,0.9355051546391753,0.9386399364508538,660,2027,meta_complete,none
0.9074333274720122,0.9043994920174165,0.9225083305511668,0.9479632318375235,0.9343576638088219,0.9233324091373882,1538,2027,meta_incomplete,none
0.906682962346578,0.9096374933963925,0.9147742465566948,0.9421127386670426,0.9189851686665959,0.9184385219266608,1066,2028,sex_male,none
0.927855145948011,0.9107916341617445,0.9354825702131091,0.9546303986710963,0.9458138084115539,0.9349147114811031,1132,2028,sex_female,none
0.857897916037451,0.9615882606819163,0.9703320631464344,0.8961298932384342,0.959127079816735,0.9290150425841942,345,2028,age_lt45,none
0.8964816372301654,0.9107055564608113,0.9229402703239913,0.9304793625914316,0.9498435054773082,0.9220900664167416,703,2028,age_45_65,none
0.9298098175181132,0.8897357085533032,0.9020269930421662,0.9483016668242116,0.9090506329113924,0.9157849637698373,1150,2028,age_gt65,none
0.9440156368149977,0.9192318504462716,0.9443495525482124,0.9554846187812776,0.9321237113402062,0.9390410739861931,660,2028,meta_complete,none
0.9079913252447103,0.9025580551523946,0.9217385387139373,0.9477134386974675,0.9348692632967374,0.9229741242210494,1538,2028,meta_incomplete,none
0.9101154566257541,0.9044468482973176,0.9179586657526653,0.9429692836464962,0.9189586209337722,0.9188897750512011,1066,2029,sex_male,none
0.930459810033166,0.90936513243434,0.9363091997822538,0.9553948958018725,0.9513315633961515,0.9365721202895567,1132,2029,sex_female,none
0.844155844155844,0.9600776866637895,0.9866630375612412,0.8991881672597866,0.96684350132626,0.9313856473933843,345,2029,age_lt45,none
0.9046537706756379,0.9063874857422193,0.9234247664480223,0.9287650208986415,0.9516953573291601,0.9229852802187363,703,2029,age_45_65,none
0.9327234560862466,0.8883217138271214,0.9045251068823874,0.9501685729590068,0.9119127988748242,0.9175303297259173,1150,2029,age_gt65,none
0.9491803512576508,0.9146812847002601,0.9455174528095301,0.9588883573741538,0.9344094256259204,0.9405353743535031,660,2029,meta_complete,none
0.9097942676279234,0.9007755805515238,0.9243583827566629,0.9475451752628465,0.9376866974434573,0.9240320207284828,1538,2029,meta_incomplete,none
0.9096265862284169,0.9086480004695899,0.9066795015776244,0.9373457225155679,0.9196001911436763,0.9163800003869751,1066,2030,sex_male,none
0.9248293945024224,0.9104870166053717,0.9305792455493055,0.9545202859156348,0.942926779729867,0.9326685444605204,1132,2030,sex_female,none
0.8607671398369072,0.955114372032801,0.9733260751224823,0.8753336298932385,0.9496021220159152,0.922828667780269,345,2030,age_lt45,none
0.9036865713484721,0.9198305360925534,0.9146292983502285,0.9295405564263323,0.9459311424100156,0.9227236209255205,703,2030,age_45_65,none
0.9260631819006401,0.8893808450119836,0.8949417386201693,0.9482859123420613,0.9111251758087201,0.9139593707367147,1150,2030,age_gt65,none
0.9432880112995962,0.8977616136060159,0.9357946831340604,0.9558249926405651,0.9302974963181148,0.9325933593996705,660,2030,meta_complete,none
0.9083734833831547,0.9136520319303338,0.9169773124057697,0.9447419411355527,0.9338436396787834,0.9235176817067188,1538,2030,meta_incomplete,none
0.9054347826086957,0.9059394732207995,0.9152895876784857,0.9420657551871569,0.9206355527237974,0.917873030283787,1066,2031,sex_male,none
0.927225685460765,0.9109625171811732,0.935712413556725,0.9555459075807913,0.9489716471538346,0.9356836341866579,1132,2031,sex_female,none
0.8442313500453035,0.9527406128614588,0.9787697332607512,0.8904581850533808,0.959850494333253,0.9252100751108294,345,2031,age_lt45,none
0.906574151948416,0.9123350171093367,0.9205674816139933,0.9315814393939393,0.9510172143974961,0.9244150608926363,703,2031,age_45_65,none
0.9249673280046203,0.8896046820149698,0.9045016346718082,0.9505781894949114,0.913146976090014,0.9165597620552648,1150,2031,age_gt65,none
0.944329514488308,0.9192494201981868,0.9430210660009635,0.9588791580806594,0.9334550810014728,0.9397868479539181,660,2031,meta_complete,none
0.9067323134634546,0.899827648766328,0.9230654727096034,0.9473821158519768,0.9375775885479304,0.9229170278678588,1538,2031,meta_incomplete,none
0.9034064905346371,0.9016628512490252,0.9132622551521957,0.9421994773991391,0.9186931436055361,0.9158448435881066,1066,2032,sex_male,none
0.9237180711594227,0.9077528882945132,0.9344301296397104,0.9537494966274037,0.9502386513658982,0.9339778474173898,1132,2032,sex_female,none
0.8445333736031411,0.949719464825205,0.9771366358192706,0.9000222419928825,0.9666023631540873,0.9276028158789174,345,2032,age_lt45,none
0.8978693580039249,0.9138830047254358,0.9177598886901214,0.9306589602925809,0.948435054773083,0.9217212532970291,703,2032,age_45_65,none
0.9255004461161976,0.8832389760276029,0.902449492832593,0.9486994674985033,0.9119479606188468,0.9143672686187487,1150,2032,age_gt65,none
0.9433736143014081,0.9113254620844754,0.9426706959225682,0.9556134088901972,0.9378851251840942,0.9381736612765487,660,2032,meta_complete,none
0.9032202098352969,0.899310595065312,0.9205753449709415,0.947087221172744,0.9349565504131591,0.9210299842914906,1538,2032,meta_incomplete,none
0.9094341585188267,0.9035495962365727,0.9087846214430524,0.939319028670765,0.920401047750522,0.9162976905239478,1066,2033,sex_male,none
0.9230365173904738,0.905434822987481,0.9367245307365066,0.9521009513742071,0.9482220835932627,0.9331037812163862,1132,2033,sex_female,none
0.8514799154334037,0.9611566681053086,0.9782253674469243,0.8850645017793595,0.959127079816735,0.9270107065163462,345,2033,age_lt45,none
0.899215026633025,0.9001140622453968,0.9215861657722124,0.9259812565308254,0.9518648930620762,0.9197522808487072,703,2033,age_45_65,none
0.9263889763021596,0.8852808062499659,0.8973627294827731,0.946194504836626,0.9120815752461322,0.9134617184235314,1150,2033,age_gt65,none
0.9432452097986903,0.9025054466230936,0.936218046978788,0.9530192081248161,0.9378144329896907,0.9345604689030157,660,2033,meta_complete,none
0.9066994900650607,0.902580732946299,0.9212451914591382,0.9450645906081248,0.9348910850758426,0.922096218030893,1538,2033,meta_incomplete,none
0.9096213854795091,0.9046816432291012,0.9140838839218431,0.9392828875323915,0.9194099323917738,0.9174159465109237,1066,2034,sex_male,none
0.9279028981229054,0.9144173260522307,0.9303937579386681,0.9546461290647337,0.9488652574871729,0.9352450737331421,1132,2034,sex_female,none
0.8473270915131381,0.9659041864479931,0.9765922700054437,0.8884008007117438,0.9620207378828068,0.9280490173122251,345,2034,age_lt45,none
0.905663022147463,0.9165172994405519,0.9154119459352018,0.926087382445141,0.9455399061032864,0.9218439112143288,703,2034,age_45_65,none
0.9285954929306317,0.8883326327053158,0.900601894542711,0.9501252481330938,0.9138994374120957,0.9163109411447696,1150,2034,age_gt65,none
0.9454138191779259,0.9141014828870617,0.9421451408049752,0.9554570209007948,0.9345743740795287,0.9383383675700573,660,2034,meta_complete,none
0.9091120098470196,0.9052249637155296,0.9194993375962506,0.9461053953583578,0.93618584396943,0.9232255100973175,1538,2034,meta_incomplete,none
0.9126638235905971,0.9052434739587264,0.9199568280267784,0.9421416515777415,0.9218478991894091,0.9203707352686503,1066,2035,sex_male,none
0.93128027921999,0.9153237490248525,0.9329099377003568,0.9544793868921777,0.9474483405629948,0.9362883386800742,1132,2035,sex_female,none
0.8626547870733917,0.9650410012947777,0.9755035383777899,0.8959074733096086,0.9587653725584759,0.9315744345228089,345,2035,age_lt45,none
0.9151387720773758,0.919287382543045,0.9225178890876564,0.9305854885057472,0.9460354720918102,0.926713000861127,703,2035,age_45_65,none
0.9279735218004583,0.8871097183475369,0.9036834604744739,0.9479668840785203,0.9147433192686356,0.9162953807939249,1150,2035,age_gt65,none
0.9453139490091452,0.9204090238245837,0.9370355771617105,0.9551810420959671,0.9346097201767305,0.9385098624536274,660,2035,meta_complete,none
0.9133907742805228,0.9025036284470247,0.9257937680885133,0.9475521139611816,0.9364016371183613,0.9251283843791208,1538,2035,meta_incomplete,none
0.9117536925317247,0.9084132055378062,0.9166168341525313,0.9440390613423542,0.9225779618420585,0.9206801510812948,1066,2036,sex_male,none
0.9271649099654449,0.9097440469556818,0.9362608117099135,0.9568483841739656,0.9460024082751818,0.9352041122160376,1132,2036,sex_female,none
0.8682422228933857,0.966119982736297,0.9779531845400109,0.8901245551601423,0.9680491921871233,0.9340978275033918,345,2036,age_lt45,none
0.9013176338659938,0.9151322578893053,0.9224557741999603,0.9330998563218391,0.948356807511737,0.924072465957767,703,2036,age_45_65,none
0.9292804016156442,0.886967772931009,0.9053835191550005,0.9531619245675395,0.9118495077355837,0.9173286252009554,1150,2036,age_gt65,none
0.9474112225535375,0.9148921217232413,0.9457364341085271,0.9568645128054165,0.9372606774668631,0.9404329937315172,660,2036,meta_complete,none
0.9097098646034818,0.9030615021770682,0.9231058761485741,0.9502651450101218,0.9348910850758427,0.9242066946030176,1538,2036,meta_incomplete,none
0.9072186394840857,0.9050170645602208,0.919772083096325,0.943590911226522,0.9234761601359244,0.9198149717006154,1066,2037,sex_male,none
0.9256802514369062,0.9162301719974738,0.9313131313131312,0.9543975888452633,0.9464908335630384,0.9348223954311626,1132,2037,sex_female,none
0.8352461491996375,0.949719464825205,0.9629831246597713,0.8974088078291814,0.9657583795514829,0.9222231852130556,345,2037,age_lt45,none
0.9066722736192879,0.9176307642170441,0.9192133770622143,0.9317692006269592,0.9471830985915493,0.924493742823411,703,2037,age_45_65,none
0.9265925978031091,0.8905054894660123,0.9038142342191298,0.9487782399092543,0.9145886075949368,0.9168558337984883,1150,2037,age_gt65,none
0.942260775277853,0.919284559702017,0.9488459685542854,0.9596151015602001,0.9366715758468336,0.9413355961882377,660,2037,meta_complete,none
0.9075927554070689,0.9036738026124819,0.9205817244613052,0.947267627329451,0.9359603522520076,0.9230152524124628,1538,2037,meta_incomplete,none
0.9120293322238404,0.9106018297233612,0.9120273811433767,0.9397057388513623,0.9197462036742062,0.9188220971232294,1066,2038,sex_male,none
0.9295047665352758,0.9172034622385675,0.9302364967035627,0.9542685996174367,0.9479802888963038,0.9358387227982293,1132,2038,sex_female,none
0.8514044095439444,0.9568407423392318,0.9727817093086554,0.8910142348754448,0.9688931757897274,0.9281868543714007,345,2038,age_lt45,none
0.9074432296047098,0.9219216772581609,0.9212507453786525,0.9282425548589341,0.951225873761085,0.9260168161723084,703,2038,age_45_65,none
0.93046510853026,0.8927329406176809,0.8952468773576996,0.9475257585783156,0.9095991561181435,0.9151139682404199,1150,2038,age_gt65,none
0.9488094049164658,0.9188277461522244,0.9406706667250617,0.9584283926994406,0.9317938144329897,0.9397060049852366,660,2038,meta_complete,none
0.9105538948478987,0.908717343976778,0.9173749673051118,0.9447636245678491,0.9366053070566784,0.9236030275508632,1538,2038,meta_incomplete,none
0.9110879966715206,0.9074404836775596,0.9121683706955648,0.9411586126139802,0.920250610597855,0.918421214851296,1066,2039,sex_male,none
0.9324871069127785,0.9114380177569746,0.9345793261960927,0.9546775898520085,0.949566462108353,0.9365497005652414,1132,2039,sex_female,none
0.8711869525823014,0.9473457056538628,0.9784975503538378,0.8966303380782918,0.9686520376175548,0.9324625168571696,345,2039,age_lt45,none
0.9089711241940006,0.920835370159144,0.9197972570065593,0.9289527821316614,0.951264997391758,0.9259643061766246,703,2039,age_45_65,none
0.9284622134027374,0.8879886880421906,0.9010914577919357,0.9494871916060118,0.9116947960618846,0.915744869380952,1150,2039,age_gt65,none
0.9441012398168096,0.9093400801180688,0.9436634111446882,0.9534975713865175,0.9341620029455081,0.9369528610823185,660,2039,meta_complete,none
0.913388429752066,0.9069212626995645,0.919573764983828,0.9476232356191141,0.9376188074640183,0.9250251001037183,1538,2039,meta_incomplete,none
0.9073850634491367,0.9044133061642053,0.9123774241694985,0.9392431322801805,0.9203435276627376,0.9167524907451516,1066,2040,sex_male,none
0.9212523224921428,0.9153237490248523,0.9286114639408053,0.9524501661129567,0.9477820172447977,0.9330839437631109,1132,2040,sex_female,none
0.8453639383871941,0.9605092792403971,0.9755035383777899,0.892404359430605,0.9686520376175549,0.9284866306107082,345,2040,age_lt45,none
0.9037005887300252,0.9107870294932376,0.9183189226793879,0.9267486285266457,0.9476264997391758,0.9214363338336945,703,2040,age_45_65,none
0.9217352994531837,0.8910186767411515,0.894250984994551,0.9449814097110628,0.9118670886075949,0.9127706919015088,1150,2040,age_gt65,none
0.9414332795936711,0.9261719024527375,0.9364370282777851,0.9543163085075066,0.9312282768777614,0.9379173591418924,660,2040,meta_complete,none
0.9045659691694506,0.8992516328011612,0.9185913234678059,0.9440324592308107,0.9372429879349808,0.9207368745208419,1538,2040,meta_incomplete,none
0.9125806116080715,0.9053441003580622,0.9138019048174671,0.9411224714756065,0.916095890410959,0.9177889957340334,1066,2041,sex_male,none
0.9266917293233083,0.9161038671570266,0.9321115345067439,0.9526578073089701,0.9479367658508514,0.9351003408293801,1132,2041,sex_female,none
0.8448353971609786,0.9639620198532585,0.9804028307022319,0.8873443060498221,0.9592476489028213,0.9271584405338225,345,2041,age_lt45,none
0.9085365853658537,0.9175221335071424,0.9215985887497515,0.9299568965517241,0.9492436098069901,0.9253715627962924,703,2041,age_45_65,none
0.928791710013365,0.8887748472721914,0.8978657054237572,0.946738034470807,0.9080907172995781,0.9140522028959397,1150,2041,age_gt65,none
0.9425175842832889,0.9148569822194111,0.9377217185652345,0.9528996173093905,0.9302621502209131,0.9356516105196476,660,2041,meta_complete,none
0.9111916065881249,0.9064178156748912,0.9216279608809651,0.9470681397523232,0.9350050432556154,0.9242621132303841,1538,2041,meta_incomplete,none
0.9063657166631994,0.9097213487291724,0.9134324149565607,0.9425572746690376,0.9195072740787936,0.9183168058193527,1066,2042,sex_male,none
0.9259276945249961,0.9175972361529031,0.9301114941833506,0.9553351203060506,0.9457267623206489,0.9349396614975898,1132,2042,sex_female,none
0.8494412564180006,0.9691411307725507,0.9657049537289059,0.8888456405693951,0.9590065107306487,0.9264278984439003,345,2042,age_lt45,none
0.9029296327446032,0.9209983162239965,0.9192879149274498,0.9286262408568444,0.9482655190401669,0.9240215247586121,703,2042,age_45_65,none
0.9263815718839432,0.8926892651049032,0.8986201693352334,0.9517361439329489,0.9102777777777779,0.9159409856069614,1150,2042,age_gt65,none
0.9435162859710947,0.9171234802164594,0.9449335026788712,0.9587043715042685,0.9343269513991163,0.9397209183539619,660,2042,meta_complete,none
0.9063524998534669,0.9099736937590709,0.9170644987740746,0.9472832394007046,0.9340182139116266,0.9229384291397886,1538,2042,meta_incomplete,none
0.911374037861452,0.9047654985618812,0.9108022305519499,0.9416176050713245,0.9225204417542742,0.9182159627601763,1066,2043,sex_male,none
0.924577610307524,0.9135777703480813,0.9347204580737516,0.9555930987617034,0.9522939062900472,0.9361525687562213,1132,2043,sex_female,none
0.8634098459679854,0.9553301683211048,0.9760479041916167,0.8878447508896796,0.955871714492404,0.9277008767725581,345,2043,age_lt45,none
0.897771236333053,0.9157840421487154,0.9181946929039951,0.9328467868338558,0.9547600417318727,0.9238713599902983,703,2043,age_45_65,none
0.928136419001218,0.8869022596618422,0.9002900494593008,0.9486482654315153,0.9160654008438818,0.9160084788795515,1150,2043,age_gt65,none
0.9476537643920047,0.9208482676224612,0.9423787208572387,0.9584007948189579,0.9384506627393225,0.9415464420859971,660,2043,meta_complete,none
0.9070066232928904,0.9002675979680697,0.9196099154292228,0.9470299769114813,0.9388917445785001,0.922561171636033,1538,2043,meta_incomplete,none
0.9030372373621801,0.903994029500306,0.915202076921955,0.9431897445905753,0.9199851332696187,0.917081644328927,1066,2024,sex_male,demo
0.9295612009237877,0.9159106950481073,0.9357003165386399,0.954853770260747,0.9489619753659563,0.9369975916274477,1132,2024,sex_female,demo
0.8590305043793416,0.9302977988778593,0.9801306477953184,0.8843972419928826,0.9625030142271521,0.9232718414545108,345,2024,age_lt45,demo
0.8905102326885339,0.915430992341535,0.9211265156032599,0.9272629310344828,0.9492175273865415,0.9207096398108707,703,2024,age_45_65,demo
0.9299467992551156,0.8927711566913614,0.9027579847430631,0.951235939124681,0.9125597749648382,0.9178543309558119,1150,2024,age_gt65,demo
0.9433165456335336,0.9192494201981868,0.9431670535336283,0.9587687665587283,0.9338674521354933,0.9396738476119142,660,2024,meta_complete,demo
0.9062024500322373,0.9032519956458634,0.9226061494034113,0.946676103296402,0.9366731970361174,0.9230819790828063,1538,2024,meta_incomplete,demo
0.9093353442895777,0.9116164792499979,0.9189455926179815,0.9434571890145396,0.9212417259566034,0.92091926622574,1066,2025,sex_male,demo
0.930746323082533,0.912723355250938,0.9394221657694711,0.9537809574146784,0.9484445347144647,0.9370234672464169,1132,2025,sex_female,demo
0.860918151615826,0.9313767803193785,0.9866630375612412,0.8948509786476868,0.965034965034965,0.9277687826358194,345,2025,age_lt45,demo
0.9030698065601346,0.9208896855140948,0.9216607036374479,0.9240056818181819,0.9503129890453834,0.9239877733150486,703,2025,age_45_65,demo
0.9302244649382287,0.8929840748161534,0.9076435577164892,0.9500701074455683,0.912317158931083,0.9186478727695044,1150,2025,age_gt65,demo
0.950821075459046,0.9208482676224611,0.9485101972291566,0.9584191934059465,0.9362238586156112,0.9429645184664442,660,2025,meta_complete,demo
0.9082187445050114,0.9059778664731496,0.926004291270518,0.945942335947488,0.9361203786321138,0.9244527233656561,1538,2025,meta_incomplete,demo
0.9076399001456209,0.9139141153681669,0.9180704850526766,0.9463810071089619,0.9216266680825458,0.9215264351515943,1066,2026,sex_male,demo
0.926887079129695,0.9063412459601026,0.9363051674428919,0.9517800513440047,0.9475450584417782,0.9337717204636945,1132,2026,sex_female,demo
0.8474781032920568,0.9218817436340095,0.9839412084921068,0.8751668149466192,0.9626235833132385,0.9182182907356061,345,2026,age_lt45,demo
0.9026212503504345,0.9192873825430449,0.9226421188630493,0.9254424634273772,0.9490740740740741,0.923813457851596,703,2026,age_45_65,demo
0.9288435409408795,0.8909640823501793,0.9029189370441781,0.9515392129060717,0.912598452883263,0.9173728452249144,1150,2026,age_gt65,demo
0.9456563610163929,0.9179843980602993,0.9428604797150322,0.9592103326464527,0.9373313696612666,0.9406085882198887,660,2026,meta_complete,demo
0.906540062130004,0.9036284470246734,0.9249686873347978,0.9461643742942042,0.9354123831322497,0.9233427907831858,1538,2026,meta_incomplete,demo
0.9084668192219679,0.9080442420735746,0.9159945354394257,0.9421018963255303,0.9188922516017131,0.9186999489324423,1066,2027,sex_male,demo
0.9282458455607843,0.9115568929009249,0.9349906248109842,0.9543157907983488,0.946897048653929,0.9352012405449942,1132,2027,sex_female,demo
0.8608426457263666,0.9072075960293483,0.9657049537289057,0.8781138790035588,0.9652761032071377,0.9154290355390634,345,2027,age_lt45,demo
0.9065040650406504,0.9211069469338982,0.9234868813357185,0.9287486938349008,0.9491001564945227,0.9257893487279383,703,2027,age_45_65,demo
0.9246748534850746,0.8942615835649045,0.9020571715986252,0.9493690329898856,0.9098699015471168,0.9160465086371212,1150,2027,age_gt65,demo
0.9486952675807165,0.9217443249701314,0.9457802303683265,0.9579040329702679,0.9328659793814432,0.9413979670541771,660,2027,meta_complete,demo
0.9065775745853116,0.9015874455732947,0.9221319406197038,0.9459874374866648,0.9346946890638942,0.9221958174657738,1538,2027,meta_incomplete,demo
0.9097722071978365,0.9114739251842721,0.9152750025523971,0.9444655267751624,0.9180427241513573,0.9198058771722051,1066,2028,sex_male,demo
0.928758096164198,0.9111779783795833,0.9328615496280167,0.9545454545454545,0.9474870277145082,0.9349660212863522,1132,2028,sex_female,demo
0.8746602234974328,0.9313767803193784,0.9689711486118672,0.8937388790035586,0.9555100072341453,0.9248514077332765,345,2028,age_lt45,demo
0.9028595458368377,0.917169083699962,0.9188531107135758,0.9272710945663533,0.9517866458007302,0.9235878961234917,703,2028,age_45_65,demo
0.9260261598095583,0.8929840748161534,0.9013228267247883,0.9515707218703721,0.9101441631504924,0.916409589274273,1150,2028,age_gt65,demo
0.9392218687135295,0.9218146039777919,0.9398093402823399,0.958262805416544,0.9356465390279823,0.9389510314836376,660,2028,meta_complete,demo
0.9110603129945489,0.9035604136429607,0.9214387026668396,0.9472502805836139,0.9336714900880629,0.9233962399952051,1538,2028,meta_incomplete,demo
0.9093301435406698,0.9049415947607188,0.9156396307046074,0.9451052249243745,0.9196178896322253,0.918926896712519,1066,2029,sex_male,demo
0.926726458177777,0.9137189345815223,0.9367366277545918,0.9548380398671097,0.9500452156083313,0.9364130551978664,1132,2029,sex_female,demo
0.852914527333132,0.946914113077255,0.9850299401197605,0.8935164590747331,0.9693754521340727,0.9295500983477906,345,2029,age_lt45,demo
0.9008971124194002,0.9221117810004889,0.9271392367322601,0.9304140543364682,0.9483568075117371,0.9257837984000709,703,2029,age_45_65,demo
0.9292174640608051,0.8872079882512871,0.9004845334898148,0.9509602356870529,0.9130942334739803,0.916192890992588,1150,2029,age_gt65,demo
0.9434734844701886,0.9162801321245344,0.9398531365421394,0.9621081100971445,0.932618556701031,0.9388666839870077,660,2029,meta_complete,demo
0.9081296524236563,0.9045718432510886,0.9239522218701689,0.9469467125314626,0.9382128447841099,0.9243626549720971,1538,2029,meta_incomplete,demo
0.909096109839817,0.9080274710070186,0.9071413639037577,0.9407899730025697,0.9205426356589147,0.9171195106824156,1066,2030,sex_male,demo
0.9306942298008298,0.9093205542553586,0.9340470574003508,0.9532398318735528,0.9494455647598737,0.9353494476179932,1132,2030,sex_female,demo
0.8533675626698882,0.937419076391886,0.9839412084921066,0.8833407473309609,0.9681697612732095,0.9252476712316102,345,2030,age_lt45,demo
0.9069806560134567,0.9151865732442561,0.9074612403100775,0.9225933908045978,0.950717266562337,0.9205878253869451,703,2030,age_45_65,demo
0.9298727550729521,0.888480037560941,0.8998239584206555,0.9498692377981536,0.911209563994374,0.9158511105694153,1150,2030,age_gt65,demo
0.9478963062304718,0.9176681425258275,0.9396487539964087,0.9581800117750958,0.9367658321060383,0.9400318093267683,660,2030,meta_complete,demo
0.9091331106031298,0.9024265239477504,0.9172388715106845,0.9442007226654315,0.9362440353803779,0.9218486528214749,1538,2030,meta_incomplete,demo
0.90648533388808,0.9159517999547182,0.9138407984870363,0.9423765689771696,0.9209408516512689,0.9199190705916547,1066,2031,sex_male,demo
0.9290402681067564,0.919945020245923,0.9357366075928951,0.9566501812141347,0.9472355612296711,0.937721527677876,1132,2031,sex_female,demo
0.8546511627906977,0.9488562796719896,0.9782253674469243,0.8865658362989324,0.9641909814323608,0.926497925528181,345,2031,age_lt45,demo
0.9080459770114944,0.9256422790722937,0.9205053667262969,0.9299079153605017,0.9486828377673449,0.9265568751875863,703,2031,age_45_65,demo
0.9239307094543313,0.8988311340892837,0.9018928661245704,0.9502197750259949,0.9116807313642756,0.9173110432116912,1150,2031,age_gt65,demo
0.9449002011670542,0.9231499051233397,0.9444371450678112,0.960599425964086,0.9327481590574374,0.9411669672759457,660,2031,meta_complete,demo
0.906943321024559,0.9130578737300437,0.9212622034334417,0.9464054940613416,0.936816250921364,0.92489702863415,1538,2031,meta_incomplete,demo
0.9040461826503017,0.9158260169555482,0.9185177622527214,0.9447149006299401,0.9194497539910091,0.9205109232959042,1066,2032,sex_male,demo
0.9235183802462276,0.9074036925591589,0.9386963446843687,0.956068156649552,0.9473371150023938,0.9346047378283402,1132,2032,sex_female,demo
0.8372093023255813,0.9097971514889944,0.977408818726184,0.8868438612099645,0.9658789486375694,0.9154276164776587,345,2032,age_lt45,demo
0.8904962153069806,0.9190972788007169,0.920604750546611,0.9293936128526645,0.9469744392279603,0.9213132593469865,703,2032,age_45_65,demo
0.9286510260672542,0.8934099110657372,0.9086059183502389,0.9519291363392886,0.9101230661040789,0.9185438115853195,1150,2032,age_gt65,demo
0.9487095347476852,0.9268746925293415,0.9498678812829384,0.9633776125993524,0.9390279823269514,0.9455715406972537,660,2032,meta_complete,demo
0.9004560107848311,0.9019366835994195,0.9240564202127772,0.9469068150160371,0.9328010435659696,0.9212313946358069,1538,2032,meta_incomplete,demo
0.9034949032660704,0.9111804315195425,0.9119252852607576,0.9408658693931542,0.9152242398499169,0.9165381458578883,1066,2033,sex_male,demo
0.9276467728211985,0.9129016679668636,0.935950321579064,0.9528717406624384,0.9483333091538636,0.9355407624366856,1132,2033,sex_female,demo
0.8556327393536696,0.9570565386275356,0.9795862819814916,0.8932940391459075,0.9562334217506632,0.9283606041718535,345,2033,age_lt45,demo
0.9026352677319877,0.9154038346640595,0.9210395547604849,0.9228056426332287,0.9438967136150235,0.9211562026809569,703,2033,age_45_65,demo
0.9225386788296577,0.8928039133259449,0.8987140581775506,0.9483607461322747,0.9118881856540083,0.9148611164238872,1150,2033,age_gt65,demo
0.9475966957241301,0.9190737226790358,0.9389918100994175,0.9551718428024727,0.9369425625920471,0.9395553267794206,660,2033,meta_complete,demo
0.9035460992907803,0.9064949201741656,0.9225891374291079,0.9452588741615018,0.9315911471466811,0.9218960356404473,1538,2033,meta_incomplete,demo
0.912070938215103,0.9045390891633754,0.9119204235520617,0.9411080150202571,0.9206621004566209,0.9180601132814836,1066,2034,sex_male,demo
0.9298129851186858,0.915279170845871,0.9348212665577934,0.9535575858250277,0.9500597232901488,0.9367061463275054,1132,2034,sex_female,demo
0.8452884324977348,0.9186447993094519,0.979858464888405,0.877446619217082,0.9640704123462743,0.9170617456517896,345,2034,age_lt45,demo
0.907246986262966,0.9235239802292107,0.913051580202743,0.9219811259143156,0.944679186228482,0.9220965717675436,703,2034,age_45_65,demo
0.9319237789188809,0.8903744629276789,0.9024327269678933,0.9510902101647919,0.9163115330520393,0.9184265424062568,1150,2034,age_gt65,demo
0.9526187384970966,0.9152259470096282,0.9393567789310793,0.9606638210185457,0.9362474226804124,0.9408225416273523,660,2034,meta_complete,demo
0.9084649199929664,0.9045673076923078,0.9213621487824742,0.9439942963899688,0.9367677580789076,0.9230312861873251,1538,2034,meta_incomplete,demo
0.9097878094445601,0.9103754203248555,0.9187754328136166,0.9453582128929896,0.9248787653534387,0.9218351281658922,1066,2035,sex_male,demo
0.9273168487037455,0.9106133214458189,0.9403576685013811,0.9559832125239102,0.9504417589113435,0.9369425620172398,1132,2035,sex_female,demo
0.8569918453639384,0.9354769097971515,0.979858464888405,0.8798932384341637,0.9644321196045333,0.9233305156176383,345,2035,age_lt45,demo
0.9028735632183909,0.9129324860137961,0.9285430331941961,0.9308875391849529,0.9511606677099634,0.9252794578642598,703,2035,age_45_65,demo
0.9293137214976177,0.8927438594958753,0.9061983401793947,0.9518661184106878,0.9166420534458508,0.9193528186058852,1150,2035,age_gt65,demo
0.9470830777132585,0.9231674748752547,0.9410940305697892,0.9607742125404769,0.93660088365243,0.9417439358702419,660,2035,meta_complete,demo
0.9075458648379345,0.9017824746008709,0.9287644841012467,0.9476770105312095,0.9396579314893121,0.9250855531121147,1538,2035,meta_incomplete,demo
0.9085604327023091,0.9128743092416961,0.9212694893747357,0.9446751453777291,0.9156844005521928,0.9206127554497325,1066,2036,sex_male,demo
0.9196547951865807,0.9095062966677812,0.9363212968003387,0.9548097251585624,0.9472839201690628,0.9335152067964652,1132,2036,sex_female,demo
0.8471005738447599,0.9458351316357358,0.9711486118671747,0.8792259786476868,0.9527369182541597,0.9192094428499032,345,2036,age_lt45,demo
0.8933137089991591,0.9205094780294388,0.9227290797058239,0.929173197492163,0.9494913928012519,0.9230433714055672,703,2036,age_45_65,demo
0.9264889359480801,0.8900250588254562,0.9072780618660408,0.9517046349686485,0.9084985935302391,0.9167990570276929,1150,2036,age_gt65,demo
0.9420039662724172,0.9213929299318293,0.947064920655776,0.9575728584044745,0.9319941089837998,0.9400057568496594,660,2036,meta_complete,demo
0.9034499736240549,0.9031748911465893,0.9251345540842562,0.9481297605975607,0.9327355782286535,0.9225249515362229,1538,2036,meta_incomplete,demo
0.9058144372789682,0.9110462629870947,0.9141325010088046,0.9440209907731675,0.920219638242894,0.9190467660581858,1066,2037,sex_male,demo
0.9291618190973971,0.9153980459898213,0.9314179721365351,0.9554861320849695,0.9482510989568977,0.9359430136531242,1132,2037,sex_female,demo
0.8500453035336757,0.9462667242123435,0.9763200870985302,0.8868438612099644,0.9617795997106342,0.9242511151530296,345,2037,age_lt45,demo
0.9091813849172975,0.9290913041116723,0.9170393559928444,0.9298426071055381,0.9504825247782994,0.9271274353811304,703,2037,age_45_65,demo
0.9252005671784354,0.8900141399472619,0.898543046357616,0.9500425371018054,0.9109071729957805,0.9149414927161799,1150,2037,age_gt65,demo
0.9449144683340229,0.9247311827956989,0.9413860056351188,0.9622277009125699,0.9371546391752578,0.9420827993705336,660,2037,meta_complete,demo
0.9075646210655881,0.9050344702467344,0.9193355973435802,0.9469293657856254,0.9346219498002095,0.9226972008483475,1538,2037,meta_incomplete,demo
0.9055648013313916,0.9072811585452777,0.91411305417402,0.9421561080330908,0.9217018866588794,0.9181634017485318,1066,2038,sex_male,demo
0.9254371494556253,0.9092611166833835,0.9312647432407912,0.9543787123728984,0.947815868502372,0.9336315180510141,1132,2038,sex_female,demo
0.8474025974025975,0.946914113077255,0.9793140990745781,0.8899021352313167,0.9658789486375694,0.9258823786846634,345,2038,age_lt45,demo
0.8973927670311186,0.9164901417630764,0.9178220035778175,0.9265690308254962,0.9526473656755348,0.9221842617746088,703,2038,age_45_65,demo
0.9250746920687575,0.8876392839399679,0.8988649509598458,0.9488255033557047,0.9104008438818566,0.9141610548412265,1150,2038,age_gt65,demo
0.9449144683340229,0.9115538688593717,0.9402765003868669,0.9578396379158081,0.9371428571428572,0.9383454665277855,660,2038,meta_complete,demo
0.9041087861203916,0.9040185050798258,0.9188379970952054,0.9450455091877039,0.9356596966287776,0.9215340988223808,1538,2038,meta_incomplete,demo
0.9127106303307676,0.9055285820901781,0.9163591635916359,0.9419464894305242,0.920892180807759,0.9194874092501729,1066,2039,sex_male,demo
0.9303469412561426,0.9114082989709871,0.9361721002439565,0.955039388905668,0.9482559348508368,0.9362445328455182,1132,2039,sex_female,demo
0.8734521292660827,0.838368580060423,0.9722373434948285,0.8713856761565837,0.9639498432601881,0.9038787144476211,345,2039,age_lt45,demo
0.9045977011494253,0.918907175058389,0.9176232359371893,0.9253363375130617,0.9501695357329161,0.9233267970781963,703,2039,age_45_65,demo
0.9317016463723904,0.8945454743979603,0.9059703244194819,0.952614456312821,0.9128727144866385,0.9195409231978584,1150,2039,age_gt65,demo
0.9440869726498409,0.9149975402347319,0.9475174820070367,0.9623012952605241,0.9336318114874816,0.940507020327923,660,2039,meta_complete,demo
0.9128820116054159,0.9021453193033382,0.9224658006154081,0.9451183655202202,0.9369835512278388,0.9239190096544443,1538,2039,meta_incomplete,demo
0.9075826919076347,0.904681643229101,0.9174579097569632,0.9434752595837264,0.9200957488230505,0.9186586506600951,1066,2040,sex_male,demo
0.9198935560610534,0.9099892269400796,0.934196253956733,0.9542874760898017,0.9503547128204384,0.9337442451736212,1132,2040,sex_female,demo
0.8418906674720629,0.9451877427708243,0.9757757212847034,0.8722753558718861,0.9622618760549795,0.9194782726908912,345,2040,age_lt45,demo
0.8961312026913373,0.9148335234370757,0.9231141920095409,0.927703761755486,0.951904016692749,0.9227373393172378,703,2040,age_45_65,demo
0.9246933645306153,0.8867057198543422,0.902415961103194,0.9498771150392287,0.9127601969057665,0.9152904714866293,1150,2040,age_gt65,demo
0.9447147279964618,0.9193196992058472,0.9438531949371524,0.962623270532823,0.9359764359351987,0.9412974657214968,660,2040,meta_complete,demo
0.9019682316394114,0.8982129898403483,0.9226104023969871,0.9444071489408944,0.9364258835395897,0.9207249312714462,1538,2040,meta_incomplete,demo
0.906376118161015,0.9087234702690918,0.9179732508787539,0.9428102626376526,0.918971894800184,0.9189709993493395,1066,2041,sex_male,demo
0.9253676917466878,0.9160964374605297,0.9312445815439828,0.9536142152421221,0.9489668112598953,0.9350579474506435,1132,2041,sex_female,demo
0.8622017517366355,0.9609408718170048,0.9888405008165487,0.8810609430604983,0.9605739088497709,0.9307235952560917,345,2041,age_lt45,demo
0.9012475469582282,0.9247460757156049,0.9211389385807991,0.9277445794148382,0.9519822639540949,0.9253718809247131,703,2041,age_45_65,demo
0.9240787978186585,0.8883380921444131,0.8996898315030598,0.9496092888426758,0.9101898734177215,0.9143811767453057,1150,2041,age_gt65,demo
0.9412050049221726,0.9187926066483941,0.9381596811632287,0.9568277156314395,0.933961708394698,0.9377893433519866,660,2041,meta_complete,demo
0.9066502549674696,0.9069620827285921,0.9223786142471032,0.9466934500422394,0.9357991135508399,0.9236967031072488,1538,2041,meta_incomplete,demo
0.909361348034117,0.9119938282475074,0.9165584936481777,0.9437571604630403,0.9173967293193162,0.9198135119424318,1066,2042,sex_male,demo
0.9253850561739221,0.9179241427987667,0.9334986592471622,0.9561531007751938,0.949426221184117,0.9364774360358323,1132,2042,sex_female,demo
0.8554817275747507,0.956409149762624,0.977408818726184,0.8857317615658363,0.958403665300217,0.9266870245859226,345,2042,age_lt45,demo
0.908031959629941,0.9207810548041931,0.9226545418405884,0.9298262800417973,0.9501434533124674,0.9262874579257975,703,2042,age_45_65,demo
0.9261853548012098,0.8951678504550443,0.9003504065722191,0.9509326653432901,0.910351617440225,0.9165975789223977,1150,2042,age_gt65,demo
0.9459131700218287,0.92235926628716,0.9441305712492153,0.9593759199293495,0.9350103092783505,0.9413578473531807,660,2042,meta_complete,demo
0.9067768595041322,0.9088307329462989,0.9209613041379501,0.948108944502556,0.9341709663653646,0.9237697614912603,1538,2042,meta_incomplete,demo
0.9052527563969212,0.9108701667882569,0.9203506264311655,0.94471490062994,0.9222416905596261,0.920686028161182,1066,2043,sex_male,demo
0.9262315720015974,0.9137560830640069,0.9390310288513882,0.9551778163696768,0.9527968392597214,0.9373986679092781,1132,2043,sex_female,demo
0.8521594684385382,0.9425981873111782,0.9662493195427327,0.8851201067615657,0.9612973233662889,0.9214848810840607,345,2043,age_lt45,demo
0.9000280347631063,0.9247460757156047,0.9260335917312661,0.9324222831765935,0.9530646844027126,0.9272589339578566,703,2043,age_45_65,demo
0.925866964817907,0.8913298647696934,0.9088171682454522,0.951098087405867,0.9163748241912799,0.9186973818860398,1150,2043,age_gt65,demo
0.9470830777132584,0.9181249560756202,0.9447875151462065,0.9618689284662938,0.9380382916053019,0.9419805538013362,660,2043,meta_complete,demo
0.9045050114295762,0.9069212626995646,0.9266188488422288,0.9469102843652045,0.9392117973387127,0.9248334409350575,1538,2043,meta_incomplete,demo
0.9067193675889328,0.909369156331497,0.9222126608617865,0.9454485657389237,0.92087448231921,0.9209248465680699,1066,2024,sex_male,demo+anthro
0.9246253624824186,0.9166239459118095,0.9414665618258433,0.9579589499647639,0.9505433126840662,0.9382436265737804,1132,2024,sex_female,demo+anthro
0.842117185140441,0.9259818731117825,0.9844855743059335,0.8813389679715302,0.9674463467566916,0.9202739894572757,345,2024,age_lt45,demo+anthro
0.8978273058592655,0.9198848514475042,0.9267292784734644,0.9345611285266457,0.953038601982264,0.9264082332578287,703,2024,age_45_65,demo+anthro
0.9285510664213336,0.8965600074248372,0.9105272864447984,0.9522914894287425,0.9114064697609,0.9198672638961224,1150,2024,age_gt65,demo+anthro
0.9464695895336063,0.9220781502565184,0.948116030890962,0.9606270238445687,0.9350103092783505,0.9424602207608013,660,2024,meta_complete,demo+anthro
0.9037383506242309,0.9074609941944847,0.92693569686363,0.9480291494717048,0.9378297513287039,0.9247987884965507,1538,2024,meta_incomplete,demo+anthro
0.909688995215311,0.9070212070136601,0.9210458507747133,0.9461930731894194,0.9203833492619731,0.9208664950910153,1066,2025,sex_male,demo+anthro
0.9277639827050306,0.9032430625208959,0.9439141918183834,0.9544762408134501,0.9521343217900545,0.9363063599295629,1132,2025,sex_female,demo+anthro
0.8774539414074297,0.9033232628398792,0.9910179640718563,0.8911810498220641,0.9614178924523753,0.924878822118721,345,2025,age_lt45,demo+anthro
0.9054667788057191,0.9114116560751725,0.9282076128006361,0.9287650208986418,0.9522170057381325,0.9252136148636604,703,2025,age_45_65,demo+anthro
0.9250932031142982,0.887355393106912,0.9103328024142845,0.9522639190849798,0.9144831223628693,0.9179056880166687,1150,2025,age_gt65,demo+anthro
0.9406913869113009,0.9115538688593716,0.9446853238733413,0.9602314542243156,0.9395463917525773,0.9393416851241814,660,2025,meta_complete,demo+anthro
0.9098692925385383,0.8995283018867924,0.9294300775958678,0.9462268225792182,0.935834270861621,0.9241777530924076,1538,2025,meta_incomplete,demo+anthro
0.9093093405450383,0.9140147417675027,0.9229565022922956,0.9461117556280787,0.9244938232274964,0.9233772326920823,1066,2026,sex_male,demo+anthro
0.9247295490458247,0.9141795757643301,0.9403858948769129,0.9560870331219167,0.9506835536083023,0.9372131212834575,1132,2026,sex_female,demo+anthro
0.8575958924796134,0.9482088908070782,0.9863908546543276,0.9037477758007118,0.9625030142271521,0.9316892855937766,345,2026,age_lt45,demo+anthro
0.8996495654611719,0.9218402042257346,0.9291517590936196,0.9269690438871474,0.9483959311424099,0.9252013007620168,703,2026,age_45_65,demo+anthro
0.9275070434528283,0.8951678504550443,0.907838041747003,0.9515845070422535,0.9182700421940928,0.9200734969782444,1150,2026,age_gt65,demo+anthro
0.9462841163630138,0.9227106613254621,0.9472401056949737,0.962200103032087,0.9412783505154638,0.9439426673862001,660,2026,meta_complete,demo+anthro
0.9053068401617725,0.9081821480406386,0.9273227192790325,0.9468747235362382,0.9375290957054739,0.9250431053446311,1538,2026,meta_incomplete,demo+anthro
0.9120761389640109,0.9072811585452777,0.9177885059483005,0.9425572746690375,0.9163569431170577,0.919212004248737,1066,2027,sex_male,demo+anthro
0.9280374724339717,0.91235930012259,0.9399705639226598,0.9548600624182019,0.9496873594568325,0.9369829516708512,1132,2027,sex_female,demo+anthro
0.8628057988523106,0.9458351316357358,0.979858464888405,0.8890124555160143,0.9619001687967206,0.9278824039378373,345,2027,age_lt45,demo+anthro
0.9073731426969442,0.9143990005974689,0.926269628304512,0.9269935344827586,0.9456442357850808,0.9241359083733529,703,2027,age_45_65,demo+anthro
0.9269332010410612,0.8924326714673334,0.9053868723279404,0.9487230992217287,0.9116842475386779,0.9170320183193483,1150,2027,age_gt65,demo+anthro
0.9503787932830178,0.9177208517815729,0.941269215608987,0.9589067559611423,0.934739322533137,0.9406029878335713,660,2027,meta_complete,demo+anthro
0.9075693101225017,0.9047668722786647,0.924875121476129,0.9454392803182086,0.9339527485743104,0.9233206665539629,1538,2027,meta_incomplete,demo+anthro
0.910120657374662,0.9114655396509942,0.9221494586487367,0.9466231527360649,0.9217372836359775,0.922419218409287,1066,2028,sex_male,demo+anthro
0.9239134209658095,0.9127084958579442,0.9426641666162623,0.9584874911909795,0.9492376213204892,0.9374022391902969,1132,2028,sex_female,demo+anthro
0.877076411960133,0.9393612429866206,0.9896570495372891,0.9050822953736655,0.9561128526645768,0.933457970504457,345,2028,age_lt45,demo+anthro
0.8968460891505466,0.920971158546521,0.9320338898827271,0.9318508359456634,0.953377673448096,0.9270159293947108,703,2028,age_45_65,demo+anthro
0.9246045115120194,0.8920778079260137,0.9077240338670467,0.9529689321612,0.9132383966244725,0.9181227364181505,1150,2028,age_gt65,demo+anthro
0.9409624630837055,0.9197238034998947,0.9423641221039722,0.9580512216661761,0.9375670103092785,0.9397337241326055,660,2028,meta_complete,demo+anthro
0.9073090674638064,0.9058735486211901,0.9294343305894436,0.9508254449006638,0.9362197889591496,0.9259324361068506,1538,2028,meta_incomplete,demo+anthro
0.9088776783856876,0.9044300772307614,0.9209145846399176,0.9450690837860011,0.9207196205444055,0.9200022089173547,1066,2029,sex_male,demo+anthro
0.9290272447863308,0.9143207399977711,0.9374866428758644,0.9564268096244839,0.9485702679568833,0.9371663410482667,1132,2029,sex_female,demo+anthro
0.8504983388704319,0.862753560638757,0.9850299401197604,0.881450177935943,0.965034965034965,0.9089533965199715,345,2029,age_lt45,demo+anthro
0.9044995794785534,0.92026505893216,0.9296735241502683,0.9340549895506792,0.9488393322900366,0.9274664968803397,703,2029,age_45_65,demo+anthro
0.9291434198786416,0.8954517412881001,0.9036700477827143,0.9510390080978037,0.9121940928270043,0.9182996619748527,1150,2029,age_gt65,demo+anthro
0.9460130401906093,0.923026916859934,0.9421743383115082,0.959109140418016,0.93640058910162,0.9413448049763377,660,2029,meta_complete,demo+anthro
0.9087884649199929,0.9011248185776488,0.9250558737031027,0.9475503792865976,0.9356184777126896,0.9236276028400063,1538,2029,meta_incomplete,demo+anthro
0.9158206781776576,0.9043965350976495,0.9151972152132589,0.9442920493109692,0.921613394216134,0.9202639744031339,1066,2030,sex_male,demo+anthro
0.9246861379777388,0.9113637207920057,0.939285066231174,0.9558825380046311,0.9510607533355578,0.9364556432682216,1132,2030,sex_female,demo+anthro
0.8519329507701601,0.9475615019421666,0.987751769188895,0.8930716192170819,0.9685314685314685,0.9297698619299544,345,2030,age_lt45,demo+anthro
0.9108634707036726,0.9109771332355656,0.9224557741999603,0.9287405303030303,0.952243088158581,0.9250559993201619,703,2030,age_45_65,demo+anthro
0.9302503804019859,0.8888676577368441,0.9031804845334898,0.9509405425843651,0.9123206751054853,0.9171119480724341,1150,2030,age_gt65,demo+anthro
0.9440299039819663,0.9138906458640804,0.9415027956612506,0.9601670591698558,0.9384388807069219,0.9396058570768151,660,2030,meta_complete,demo+anthro
0.9103335091729674,0.9035921625544266,0.9221064226582486,0.9458729489641391,0.9363725414128874,0.9236555169525339,1538,2030,meta_incomplete,demo+anthro
0.9099646349074267,0.91306717650709,0.9160480142350832,0.9440318331146795,0.9211045626703479,0.9208432442869254,1066,2031,sex_male,demo+anthro
0.9275382451509837,0.9179241427987667,0.9384060162503275,0.9562443370582905,0.9493972058204819,0.9379019894157701,1132,2031,sex_female,demo+anthro
0.8556327393536696,0.8979283556322831,0.974959172563963,0.8847864768683273,0.957680250783699,0.9141973990403883,345,2031,age_lt45,demo+anthro
0.9123633305298571,0.927461843463147,0.9276113098787517,0.9305120167189133,0.9501956181533646,0.9296288237488067,703,2031,age_45_65,demo+anthro
0.9254115930976015,0.9002505882545626,0.9026976276301449,0.9519882156473515,0.9138713080168777,0.9188438665293077,1150,2031,age_gt65,demo+anthro
0.9392361358804981,0.9242743692459061,0.9412108205959211,0.9631384309685017,0.9377083946980854,0.9411136302777825,660,2031,meta_complete,demo+anthro
0.9099841744329172,0.9093886066763425,0.9236141088808885,0.9452189766460761,0.9356451487760407,0.924770203082453,1538,2031,meta_incomplete,demo+anthro
0.9101050551279385,0.90714699001283,0.9196748489224024,0.9438944967888598,0.9214806555520159,0.9204604092808093,1066,2032,sex_male,demo+anthro
0.9244213304624146,0.905434822987481,0.9423577088247748,0.954123879995973,0.9538800795020963,0.9360435643545479,1132,2032,sex_female,demo+anthro
0.8499697976442162,0.9037548554164868,0.9828524768644529,0.8860097864768683,0.9620207378828067,0.9169215308569661,345,2032,age_lt45,demo+anthro
0.8967059153350153,0.9169518222801586,0.9276610017889088,0.9304467084639498,0.9517344809598332,0.924699985765573,703,2032,age_45_65,demo+anthro
0.9298727550729519,0.8889550087623997,0.9083443708609272,0.9495659640167626,0.917710970464135,0.9188898138354352,1150,2032,age_gt65,demo+anthro
0.9465266582014809,0.9154719235364396,0.9469919268894436,0.9604614365616722,0.9411605301914581,0.9421224950760989,660,2032,meta_complete,demo+anthro
0.9052740167633787,0.9009207184325109,0.9253216858015936,0.9439717456203803,0.9378758195290375,0.9226727972293801,1538,2032,meta_incomplete,demo+anthro
0.9052371541501976,0.9034405843039589,0.919349114439761,0.9419320329751747,0.922285936780999,0.9184489645300182,1066,2033,sex_male,demo+anthro
0.9243258261126257,0.9007169657119507,0.9397326559003207,0.9555081546360616,0.949871123426521,0.9340309451574959,1132,2033,sex_female,demo+anthro
0.8371337964361221,0.9285714285714285,0.9910179640718563,0.881283362989324,0.9534603327706777,0.9182933769678817,345,2033,age_lt45,demo+anthro
0.8993972525932156,0.9044864483189398,0.9322575034784337,0.9261200365726228,0.9532863849765257,0.9231095251879475,703,2033,age_45_65,demo+anthro
0.9248266440585097,0.8846311329973958,0.901876100259871,0.950373381226959,0.9149191279887483,0.9153252773062966,1150,2033,age_gt65,demo+anthro
0.9410195317515802,0.9082858950031626,0.9337216601702215,0.955852590521048,0.93660088365243,0.9350961122196886,660,2033,meta_complete,demo+anthro
0.9032905456889982,0.8966527576197387,0.928322172769358,0.945425402921539,0.9374684796524032,0.9222318717304073,1538,2033,meta_incomplete,demo+anthro
0.9144476804659871,0.9043881495643715,0.9226745231879196,0.9425681170105497,0.9253212275671658,0.9218799395591987,1066,2034,sex_male,demo+anthro
0.9274731285488549,0.912507894052528,0.9395431359503216,0.9547121967180106,0.9534013260021181,0.9375275362543667,1132,2034,sex_female,demo+anthro
0.8629568106312292,0.8735433750539491,0.9858464888405009,0.8726645907473309,0.9678080540149505,0.9125638638575921,345,2034,age_lt45,demo+anthro
0.9017521726941407,0.9183368638314051,0.9246297952693301,0.9271976227795193,0.9512910798122065,0.9246415068773203,703,2034,age_45_65,demo+anthro
0.9311278039606234,0.8929131021078894,0.909776175706262,0.9498101584900904,0.919071729957806,0.9205397940445342,1150,2034,age_gt65,demo+anthro
0.9461842461942331,0.9203738843207534,0.9419553570125111,0.9612065793347071,0.9403946980854198,0.9420229529895249,660,2034,meta_complete,demo+anthro
0.9096348396928668,0.8999863933236575,0.927426917621641,0.9432188968510452,0.9405501997905109,0.9241634494559443,1538,2034,meta_incomplete,demo+anthro
0.9129758685250676,0.9086060728031998,0.9219306817574104,0.9449281333463442,0.9257238681816573,0.9228329249227359,1066,2035,sex_male,demo+anthro
0.9306942298008299,0.9146922248226159,0.9432367588056211,0.9560996174368267,0.949730882502285,0.9388907426736358,1132,2035,sex_female,demo+anthro
0.8568408335850197,0.9380664652567976,0.9790419161676647,0.8859541814946619,0.9581625271280443,0.9236131847264376,345,2035,age_lt45,demo+anthro
0.9050322399775722,0.9149693118244528,0.9332886106141921,0.9330590386624869,0.9508085550339072,0.9274315512225222,703,2035,age_45_65,demo+anthro
0.9332306587340667,0.8948621218655994,0.9084684382597032,0.949573841257838,0.9181399437412096,0.9208550007716834,1150,2035,age_gt65,demo+anthro
0.9474968255553494,0.921164523156933,0.9419407582592447,0.9570944951427731,0.9382621502209131,0.9411917504670427,660,2035,meta_complete,demo+anthro
0.9101717367094544,0.9055560595065312,0.9291259885551943,0.9469831406977209,0.9392045234123443,0.9262082897762489,1538,2035,meta_incomplete,demo+anthro
0.9091533180778033,0.9124382615112407,0.924303195601126,0.9455389185848576,0.921843474567272,0.92265543366846,1066,2036,sex_male,demo+anthro
0.932886488739169,0.9077751773840038,0.9428496542268997,0.9602115423336354,0.9494890878053263,0.9386423900978068,1132,2036,sex_female,demo+anthro
0.8700543642404107,0.9393612429866206,0.9787697332607512,0.8915702846975089,0.9629852905714975,0.9285481831513579,345,2036,age_lt45,demo+anthro
0.9085926548920661,0.9191787518331432,0.9332140727489565,0.9331243469174504,0.949660928534168,0.9287541509851568,703,2036,age_45_65,demo+anthro
0.927858753318105,0.889511871550317,0.9114930002514879,0.9540441755679491,0.914549929676512,0.9194915460728741,1150,2036,age_gt65,demo+anthro
0.9503359917821118,0.91382036685642,0.9472839019547731,0.9622736973800412,0.9385095729013255,0.9424447061749343,660,2036,meta_complete,demo+anthro
0.9091659340015239,0.9058055152394775,0.9293024877885923,0.9488218957564656,0.9361058307793769,0.9258403327130873,1538,2036,meta_incomplete,demo+anthro
0.9102454753484502,0.9067780265485984,0.9184885920005447,0.9452136483394953,0.922516017132137,0.920648351873845,1066,2037,sex_male,demo+anthro
0.9260014933407421,0.9111482595935957,0.9375753543418215,0.9538721936977751,0.9469405716993815,0.9351075745346631,1132,2037,sex_female,demo+anthro
0.8549531863485351,0.9175658178679327,0.9817637452367991,0.8905137900355871,0.9673257776706052,0.9224244634318918,345,2037,age_lt45,demo+anthro
0.9033221194280908,0.9240942914561947,0.9296114092625721,0.9309201933124346,0.9477177882107459,0.9271331603340076,703,2037,age_45_65,demo+anthro
0.9271664402148763,0.8895937631367752,0.9024511694190628,0.947746321328418,0.912387482419128,0.915869035303652,1150,2037,age_gt65,demo+anthro
0.9457276968512363,0.9134865415700331,0.941269215608987,0.9611513835737415,0.9376966126656848,0.9398662900539365,660,2037,meta_complete,demo+anthro
0.9073207901060899,0.9055742017416546,0.9242318561977811,0.9453612199619412,0.9346486208635605,0.9234273377742055,1538,2037,meta_incomplete,demo+anthro
0.912929061784897,0.9112475157857665,0.920438137187696,0.9443480680754481,0.9224806201550387,0.9222886805977693,1066,2038,sex_male,demo+anthro
0.9269478546250152,0.9111259705041049,0.9352245004939617,0.9567728782845063,0.9480915144569049,0.9356325436728985,1132,2038,sex_female,demo+anthro
0.8554062216852916,0.9309451877427708,0.9833968426782798,0.9016347864768682,0.9635881360019292,0.926994234917028,345,2038,age_lt45,demo+anthro
0.9058732828707597,0.9194503286078974,0.9262323593718943,0.9323243207941484,0.9543166405842461,0.9276393864457892,703,2038,age_45_65,demo+anthro
0.9283104228293023,0.8928312105214311,0.9029625282923968,0.949459621262249,0.9110443037974684,0.9169216173405695,1150,2038,age_gt65,demo+anthro
0.9425318514502575,0.9137852273525897,0.9396049577366092,0.957977627318222,0.9382974963181149,0.9384394320351588,660,2038,meta_complete,demo+anthro
0.9100896782134693,0.9086855950653122,0.9229548948766313,0.9465607474365846,0.935654847344532,0.9247891525873058,1538,2038,meta_incomplete,demo+anthro
0.9102298731017268,0.8980319153396561,0.9182406448570415,0.9426548557426462,0.9220204594527627,0.9182355496987666,1066,2039,sex_male,demo+anthro
0.9263921929535154,0.9077008804190349,0.9398858847960645,0.9558919762408135,0.9494455647598736,0.9358632998338603,1132,2039,sex_female,demo+anthro
0.8618242222893385,0.8254208027621924,0.979858464888405,0.8770017793594306,0.9628647214854111,0.9013939981569555,345,2039,age_lt45,demo+anthro
0.9016400336417157,0.9211069469338983,0.9275367720135163,0.9283976619644724,0.9545122587376108,0.9266387346582426,703,2039,age_45_65,demo+anthro
0.9283585515477085,0.8857557774514246,0.9052728644479839,0.9514919494596212,0.911476793248945,0.9164711872311366,1150,2039,age_gt65,demo+anthro
0.9491518169237134,0.9048246538758872,0.9461306004467218,0.9608754047689136,0.9372960235640648,0.9396556999158602,660,2039,meta_complete,demo+anthro
0.9055459820643574,0.8996915820029028,0.9235333020029473,0.9444002102425595,0.9369326337432595,0.9220207420112054,1538,2039,meta_incomplete,demo+anthro
0.9076086956521738,0.9045390891633753,0.9138748304479092,0.9412200525492151,0.9208125376092882,0.9176110410843924,1066,2040,sex_male,demo+anthro
0.9242303217628366,0.914030981834392,0.9348696546301338,0.9558636615322662,0.9502531590477157,0.9358495557614688,1132,2040,sex_female,demo+anthro
0.8608426457263666,0.9408718170047475,0.9793140990745781,0.8926823843416368,0.9697371593923318,0.9286896211079322,345,2040,age_lt45,demo+anthro
0.9007289038407625,0.9117103905274021,0.9250645994832042,0.9270751698014628,0.9513693270735524,0.9231896781452769,703,2040,age_45_65,demo+anthro
0.922142542455083,0.8927820755695559,0.8983150305977031,0.9469585972209094,0.9107876230661041,0.914197173781871,1150,2040,age_gt65,demo+anthro
0.9419326304375739,0.9228160798369527,0.9348749616782727,0.9617677362378569,0.9366951399116348,0.9396173096204581,660,2040,meta_complete,demo+anthro
0.9047394642752477,0.9012382075471699,0.9217470447010889,0.9428390031172103,0.9357009155448656,0.9212529270371164,1538,2040,meta_incomplete,demo+anthro
0.9099802371541501,0.9119351295145615,0.918931007491893,0.9459671910745844,0.9203302537963258,0.921428763806303,1066,2041,sex_male,demo+anthro
0.9236920245185712,0.9130056837178202,0.9413415593056311,0.956247483137018,0.9497018671386499,0.9367977235635381,1132,2041,sex_female,demo+anthro
0.8336605255209907,0.9570565386275356,0.9844855743059335,0.9021352313167259,0.9620207378828068,0.9278717215307986,345,2041,age_lt45,demo+anthro
0.9060835435940566,0.9241214491336701,0.9347420989862851,0.9325937173458725,0.9524256651017214,0.9299932948323212,703,2041,age_45_65,demo+anthro
0.9264445094387821,0.8893153317428167,0.903331377315785,0.9500661688250308,0.9118459915611814,0.9162006757767193,1150,2041,age_gt65,demo+anthro
0.9378236863506013,0.9154367840326095,0.9395319639702768,0.9606546217250516,0.9329484536082474,0.9372791019373572,660,2041,meta_complete,demo+anthro
0.9071730848133169,0.9093886066763426,0.9277416391462541,0.9478548146760408,0.9373157271986654,0.925894774502124,1538,2041,meta_incomplete,demo+anthro
0.906708966091117,0.9134025978382094,0.9133449042000302,0.9439523226102575,0.9212505752008778,0.9197318731880983,1066,2042,sex_male,demo+anthro
0.9262880063901092,0.9164827816783684,0.9315671686929172,0.954315790798349,0.9503788922901343,0.9358065279699757,1132,2042,sex_female,demo+anthro
0.8561612805798853,0.9533880017263703,0.9801306477953184,0.8866214412811388,0.9605739088497709,0.9273750560464966,345,2042,age_lt45,demo+anthro
0.9055088309503785,0.9213242083537015,0.9176108129596501,0.929058908045977,0.9503521126760562,0.9247709745971526,703,2042,age_45_65,demo+anthro
0.9246711512759664,0.8953043364324748,0.89777852292732,0.9502394681286827,0.9149929676511954,0.9165972892831279,1150,2042,age_gt65,demo+anthro
0.9409624630837055,0.9236418581769625,0.9361742507189885,0.9593759199293493,0.9362827687776142,0.939287452137324,660,2042,meta_complete,demo+anthro
0.9065470957153743,0.9091346153846154,0.9184254567183475,0.9449466327364318,0.9373302750514024,0.9232768151212343,1538,2042,meta_incomplete,demo+anthro
0.9105003120449344,0.9105179743905814,0.9170349411003991,0.9435439277466362,0.9253300768114403,0.9213854464187982,1066,2043,sex_male,demo+anthro
0.926331417458195,0.9161855938184926,0.9403496038226578,0.955284783046411,0.9521971884112638,0.938069717311404,1132,2043,sex_female,demo+anthro
0.8643914225309574,0.9231765213638325,0.9738704409363093,0.889957740213523,0.966120086809742,0.9235032423708729,345,2043,age_lt45,demo+anthro
0.9025791982057751,0.9329748519906578,0.9295492943748758,0.9344223484848484,0.9545513823682837,0.9308154150848882,703,2043,age_45_65,demo+anthro
0.925933604581854,0.8919577002658746,0.9043205633330538,0.9473800296184265,0.9164627285513363,0.9172109252701091,1150,2043,age_gt65,demo+anthro
0.9451142086715841,0.923026916859934,0.942261930831107,0.9594035178098321,0.9382739322533137,0.9416161012851543,660,2043,meta_complete,demo+anthro
0.9073114119922632,0.9077784833091437,0.92409469715496,0.9455780542849065,0.940479885168949,0.9250485063820444,1538,2043,meta_incomplete,demo+anthro
