CD_auc,HYP_auc,MI_auc,NORM_auc,STTC_auc,condition,macro_auc,macro_auprc,macro_brier,macro_ece,n_test,seed,variant,w_fused
0.9163495981956712,0.9075866664563749,0.9248201676963812,0.9493334342325981,0.9331705804053257,normal,0.9262520893972702,0.816054495221065,0.09750916628772228,0.07622570816342886,2198,2024,none,1.0
0.9163495981956712,0.9075866664563749,0.9248201676963812,0.9493334342325981,0.9331705804053257,shuffle_val,0.9262520893972702,0.816054495221065,0.09750916628772228,0.07622570816342886,2198,2024,none,1.0
0.9163495981956712,0.9075866664563749,0.9248201676963812,0.9493334342325981,0.9331705804053257,mask_only,0.9262520893972702,0.816054495221065,0.09750916628772228,0.07622570816342886,2198,2024,none,1.0
0.9163495981956712,0.9075866664563749,0.9248201676963812,0.9493334342325981,0.9331705804053257,none,0.9262520893972702,0.816054495221065,0.09750916628772228,0.07622570816342886,2198,2024,none,1.0
0.917589837382965,0.9093649454293105,0.9246855692850839,0.9484051609973891,0.9370620006249163,normal,0.9274215027439329,0.820943872340694,0.09906236820170404,0.08251593791907078,2198,2025,none,1.0
0.917589837382965,0.9093649454293105,0.9246855692850839,0.9484051609973891,0.9370620006249163,shuffle_val,0.9274215027439329,0.820943872340694,0.09906236820170404,0.08251593791907078,2198,2025,none,1.0
0.917589837382965,0.9093649454293105,0.9246855692850839,0.9484051609973891,0.9370620006249163,mask_only,0.9274215027439329,0.820943872340694,0.09906236820170404,0.08251593791907078,2198,2025,none,1.0
0.917589837382965,0.9093649454293105,0.9246855692850839,0.9484051609973891,0.9370620006249163,none,0.9274215027439329,0.820943872340694,0.09906236820170404,0.08251593791907078,2198,2025,none,1.0
0.9195017247261286,0.912192054129077,0.9233362753751104,0.9479107546003759,0.9363443769550094,normal,0.9278570371571403,0.8177620533339975,0.09812603512257495,0.07829451882602415,2198,2026,none,1.0
0.9195017247261286,0.912192054129077,0.9233362753751104,0.9479107546003759,0.9363443769550094,shuffle_val,0.9278570371571403,0.8177620533339975,0.09812603512257495,0.07829451882602415,2198,2026,none,1.0
0.9195017247261286,0.912192054129077,0.9233362753751104,0.9479107546003759,0.9363443769550094,mask_only,0.9278570371571403,0.8177620533339975,0.09812603512257495,0.07829451882602415,2198,2026,none,1.0
0.9195017247261286,0.912192054129077,0.9233362753751104,0.9479107546003759,0.9363443769550094,none,0.9278570371571403,0.8177620533339975,0.09812603512257495,0.07829451882602415,2198,2026,none,1.0
0.9183408513703043,0.9103211153870417,0.9257634598411297,0.9476500981665762,0.9350075596560443,normal,0.9274166168842193,0.8182606860791921,0.09966836208296467,0.08084932794210505,2198,2027,none,1.0
0.9183408513703043,0.9103211153870417,0.9257634598411297,0.9476500981665762,0.9350075596560443,shuffle_val,0.9274166168842193,0.8182606860791921,0.09966836208296467,0.08084932794210505,2198,2027,none,1.0
0.9183408513703043,0.9103211153870417,0.9257634598411297,0.9476500981665762,0.9350075596560443,mask_only,0.9274166168842193,0.8182606860791921,0.09966836208296467,0.08084932794210505,2198,2027,none,1.0
0.9183408513703043,0.9103211153870417,0.9257634598411297,0.9476500981665762,0.9350075596560443,none,0.9274166168842193,0.8182606860791921,0.09966836208296467,0.08084932794210505,2198,2027,none,1.0
0.9173884613926689,0.9097829001324839,0.9262963371579878,0.9485405341775238,0.9339076611763305,normal,0.9271831788073989,0.8171971847896415,0.09903764798208814,0.08069459685731993,2198,2028,none,1.0
0.9173884613926689,0.9097829001324839,0.9262963371579878,0.9485405341775238,0.9339076611763305,shuffle_val,0.9271831788073989,0.8171971847896415,0.09903764798208814,0.08069459685731993,2198,2028,none,1.0
0.9173884613926689,0.9097829001324839,0.9262963371579878,0.9485405341775238,0.9339076611763305,mask_only,0.9271831788073989,0.8171971847896415,0.09903764798208814,0.08069459685731993,2198,2028,none,1.0
0.9173884613926689,0.9097829001324839,0.9262963371579878,0.9485405341775238,0.9339076611763305,none,0.9271831788073989,0.8171971847896415,0.09903764798208814,0.08069459685731993,2198,2028,none,1.0
0.9200099029604639,0.9069242476815342,0.9282060900264785,0.9494292885340597,0.9367152064112293,normal,0.9282569471227532,0.8209166191335273,0.0956076532378027,0.07579465831825608,2198,2029,none,1.0
0.9200099029604639,0.9069242476815342,0.9282060900264785,0.9494292885340597,0.9367152064112293,shuffle_val,0.9282569471227532,0.8209166191335273,0.0956076532378027,0.07579465831825608,2198,2029,none,1.0
0.9200099029604639,0.9069242476815342,0.9282060900264785,0.9494292885340597,0.9367152064112293,mask_only,0.9282569471227532,0.8209166191335273,0.0956076532378027,0.07579465831825608,2198,2029,none,1.0
0.9200099029604639,0.9069242476815342,0.9282060900264785,0.9494292885340597,0.9367152064112293,none,0.9282569471227532,0.8209166191335273,0.0956076532378027,0.07579465831825608,2198,2029,none,1.0
0.9171373336871234,0.9092959434735979,0.919680052956752,0.9462122836446496,0.932791739201595,normal,0.9250234705927436,0.811213964636071,0.10363460960974993,0.0923530616721151,2198,2030,none,1.0
0.9171373336871234,0.9092959434735979,0.919680052956752,0.9462122836446496,0.932791739201595,shuffle_val,0.9250234705927436,0.811213964636071,0.10363460960974993,0.0923530616721151,2198,2030,none,1.0
0.9171373336871234,0.9092959434735979,0.919680052956752,0.9462122836446496,0.932791739201595,mask_only,0.9250234705927436,0.811213964636071,0.10363460960974993,0.0923530616721151,2198,2030,none,1.0
0.9171373336871234,0.9092959434735979,0.919680052956752,0.9462122836446496,0.932791739201595,none,0.9250234705927436,0.811213964636071,0.10363460960974993,0.0923530616721151,2198,2030,none,1.0
0.91667653803874,0.90803813639518,0.9264883053839363,0.9489979441774818,0.9363695567329009,normal,0.9273140961456479,0.817577142156298,0.096676274917825,0.07255354038252494,2198,2031,none,1.0
0.91667653803874,0.90803813639518,0.9264883053839363,0.9489979441774818,0.9363695567329009,shuffle_val,0.9273140961456479,0.817577142156298,0.096676274917825,0.07255354038252494,2198,2031,none,1.0
0.91667653803874,0.90803813639518,0.9264883053839363,0.9489979441774818,0.9363695567329009,mask_only,0.9273140961456479,0.817577142156298,0.096676274917825,0.07255354038252494,2198,2031,none,1.0
0.91667653803874,0.90803813639518,0.9264883053839363,0.9489979441774818,0.9363695567329009,none,0.9273140961456479,0.817577142156298,0.096676274917825,0.07255354038252494,2198,2031,none,1.0
0.9140586501648914,0.9047220995520787,0.9250353045013238,0.9482655836812256,0.9358693947811476,normal,0.9255902065361334,0.8163748977583101,0.09766084896782354,0.07637478247064067,2198,2032,none,1.0
0.9140586501648914,0.9047220995520787,0.9250353045013238,0.9482655836812256,0.9358693947811476,shuffle_val,0.9255902065361334,0.8163748977583101,0.09766084896782354,0.07637478247064067,2198,2032,none,1.0
0.9140586501648914,0.9047220995520787,0.9250353045013238,0.9482655836812256,0.9358693947811476,mask_only,0.9255902065361334,0.8163748977583101,0.09766084896782354,0.07637478247064067,2198,2032,none,1.0
0.9140586501648914,0.9047220995520787,0.9250353045013238,0.9482655836812256,0.9358693947811476,none,0.9255902065361334,0.8163748977583101,0.09766084896782354,0.07637478247064067,2198,2032,none,1.0
0.9158461582199309,0.9042903444577629,0.9241394527802295,0.945826343957185,0.9357526521745599,normal,0.9251709903179337,0.8126450799403511,0.1009605709461489,0.08185944299124386,2198,2033,none,1.0
0.9158461582199309,0.9042903444577629,0.9241394527802295,0.945826343957185,0.9357526521745599,shuffle_val,0.9251709903179337,0.8126450799403511,0.1009605709461489,0.08185944299124386,2198,2033,none,1.0
0.9158461582199309,0.9042903444577629,0.9241394527802295,0.945826343957185,0.9357526521745599,mask_only,0.9251709903179337,0.8126450799403511,0.1009605709461489,0.08185944299124386,2198,2033,none,1.0
0.9158461582199309,0.9042903444577629,0.9241394527802295,0.945826343957185,0.9357526521745599,none,0.9251709903179337,0.8126450799403511,0.1009605709461489,0.08185944299124386,2198,2033,none,1.0
0.9182887305257571,0.9096981263011796,0.9230052956751986,0.9470186369350166,0.9355781105323577,normal,0.926717779993902,0.8188692588546042,0.09664895771364515,0.07470110956731005,2198,2034,none,1.0
0.9182887305257571,0.9096981263011796,0.9230052956751986,0.9470186369350166,0.9355781105323577,shuffle_val,0.926717779993902,0.8188692588546042,0.09664895771364515,0.07470110956731005,2198,2034,none,1.0
0.9182887305257571,0.9096981263011796,0.9230052956751986,0.9470186369350166,0.9355781105323577,mask_only,0.926717779993902,0.8188692588546042,0.09664895771364515,0.07470110956731005,2198,2034,none,1.0
0.9182887305257571,0.9096981263011796,0.9230052956751986,0.9470186369350166,0.9355781105323577,none,0.926717779993902,0.8188692588546042,0.09664895771364515,0.07470110956731005,2198,2034,none,1.0
0.9219383742087108,0.9100766513153745,0.9269566416593115,0.9481529128356478,0.9357434958916904,normal,0.9285736151821469,0.8188458850959618,0.09656322832553457,0.07618688433966929,2198,2035,none,1.0
0.9219383742087108,0.9100766513153745,0.9269566416593115,0.9481529128356478,0.9357434958916904,shuffle_val,0.9285736151821469,0.8188458850959618,0.09656322832553457,0.07618688433966929,2198,2035,none,1.0
0.9219383742087108,0.9100766513153745,0.9269566416593115,0.9481529128356478,0.9357434958916904,mask_only,0.9285736151821469,0.8188458850959618,0.09656322832553457,0.07618688433966929,2198,2035,none,1.0
0.9219383742087108,0.9100766513153745,0.9269566416593115,0.9481529128356478,0.9357434958916904,none,0.9285736151821469,0.8188458850959618,0.09656322832553457,0.07618688433966929,2198,2035,none,1.0
0.9195100166786704,0.9087715286101823,0.9275408208296558,0.9505341354824877,0.9357515076392012,normal,0.9284216018480395,0.8192848081625392,0.09718835294908737,0.07703117230441738,2198,2036,none,1.0
0.9195100166786704,0.9087715286101823,0.9275408208296558,0.9505341354824877,0.9357515076392012,shuffle_val,0.9284216018480395,0.8192848081625392,0.09718835294908737,0.07703117230441738,2198,2036,none,1.0
0.9195100166786704,0.9087715286101823,0.9275408208296558,0.9505341354824877,0.9357515076392012,mask_only,0.9284216018480395,0.8192848081625392,0.09718835294908737,0.07703117230441738,2198,2036,none,1.0
0.9195100166786704,0.9087715286101823,0.9275408208296558,0.9505341354824877,0.9357515076392012,none,0.9284216018480395,0.8192848081625392,0.09718835294908737,0.07703117230441738,2198,2036,none,1.0
0.9166090178537585,0.9103329442937355,0.9260403795233891,0.9492611230928988,0.936207032711965,normal,0.9276900994951494,0.8205203512844689,0.09684022584794717,0.07796236038305063,2198,2037,none,1.0
0.9166090178537585,0.9103329442937355,0.9260403795233891,0.9492611230928988,0.936207032711965,shuffle_val,0.9276900994951494,0.8205203512844689,0.09684022584794717,0.07796236038305063,2198,2037,none,1.0
0.9166090178537585,0.9103329442937355,0.9260403795233891,0.9492611230928988,0.936207032711965,mask_only,0.9276900994951494,0.8205203512844689,0.09684022584794717,0.07796236038305063,2198,2037,none,1.0
0.9166090178537585,0.9103329442937355,0.9260403795233891,0.9492611230928988,0.936207032711965,none,0.9276900994951494,0.8205203512844689,0.09684022584794717,0.07796236038305063,2198,2037,none,1.0
0.9205559872635609,0.9135188631632074,0.9218203883495145,0.9468420632217976,0.9352650801117524,normal,0.9276004764219665,0.8186921177395169,0.09820912645689162,0.07612842311429832,2198,2038,none,1.0
0.9205559872635609,0.9135188631632074,0.9218203883495145,0.9468420632217976,0.9352650801117524,shuffle_val,0.9276004764219665,0.8186921177395169,0.09820912645689162,0.07612842311429832,2198,2038,none,1.0
0.9205559872635609,0.9135188631632074,0.9218203883495145,0.9468420632217976,0.9352650801117524,mask_only,0.9276004764219665,0.8186921177395169,0.09820912645689162,0.07612842311429832,2198,2038,none,1.0
0.9205559872635609,0.9135188631632074,0.9218203883495145,0.9468420632217976,0.9352650801117524,none,0.9276004764219665,0.8186921177395169,0.09820912645689162,0.07612842311429832,2198,2038,none,1.0
0.9215000852886547,0.9092466563623746,0.9245476610767872,0.9480789200415369,0.936530936218478,normal,0.9279808517975663,0.8172070668014335,0.09825005617476015,0.07792127398973028,2198,2039,none,1.0
0.9215000852886547,0.9092466563623746,0.9245476610767872,0.9480789200415369,0.936530936218478,shuffle_val,0.9279808517975663,0.8172070668014335,0.09825005617476015,0.07792127398973028,2198,2039,none,1.0
0.9215000852886547,0.9092466563623746,0.9245476610767872,0.9480789200415369,0.936530936218478,mask_only,0.9279808517975663,0.8172070668014335,0.09825005617476015,0.07792127398973028,2198,2039,none,1.0
0.9215000852886547,0.9092466563623746,0.9245476610767872,0.9480789200415369,0.936530936218478,none,0.9279808517975663,0.8172070668014335,0.09825005617476015,0.07792127398973028,2198,2039,none,1.0
0.9142576570258899,0.9092998864424958,0.9210436893203885,0.9455555975969158,0.9353131505968179,normal,0.9250939961965015,0.8152092582312079,0.100057833108917,0.08170783688816685,2198,2040,none,1.0
0.9142576570258899,0.9092998864424958,0.9210436893203885,0.9455555975969158,0.9353131505968179,shuffle_val,0.9250939961965015,0.8152092582312079,0.100057833108917,0.08170783688816685,2198,2040,none,1.0
0.9142576570258899,0.9092998864424958,0.9210436893203885,0.9455555975969158,0.9353131505968179,mask_only,0.9250939961965015,0.8152092582312079,0.100057833108917,0.08170783688816685,2198,2040,none,1.0
0.9142576570258899,0.9092998864424958,0.9210436893203885,0.9455555975969158,0.9353131505968179,none,0.9250939961965015,0.8152092582312079,0.100057833108917,0.08170783688816685,2198,2040,none,1.0
0.9195147549372655,0.9108494732193553,0.923918799646955,0.9471960514754416,0.9335482770736978,normal,0.9270054712705431,0.8176732202549356,0.09676068741823685,0.07477632122747498,2198,2041,none,1.0
0.9195147549372655,0.9108494732193553,0.923918799646955,0.9471960514754416,0.9335482770736978,shuffle_val,0.9270054712705431,0.8176732202549356,0.09676068741823685,0.07477632122747498,2198,2041,none,1.0
0.9195147549372655,0.9108494732193553,0.923918799646955,0.9471960514754416,0.9335482770736978,mask_only,0.9270054712705431,0.8176732202549356,0.09676068741823685,0.07477632122747498,2198,2041,none,1.0
0.9195147549372655,0.9108494732193553,0.923918799646955,0.9471960514754416,0.9335482770736978,none,0.9270054712705431,0.8176732202549356,0.09676068741823685,0.07477632122747498,2198,2041,none,1.0
0.9160214737879534,0.9138086713772002,0.9226787290379523,0.9491165008135003,0.9340427163486575,normal,0.9271336182730527,0.8166705086282731,0.09722965033899517,0.07502732283733361,2198,2042,none,1.0
0.9160214737879534,0.9138086713772002,0.9226787290379523,0.9491165008135003,0.9340427163486575,shuffle_val,0.9271336182730527,0.8166705086282731,0.09722965033899517,0.07502732283733361,2198,2042,none,1.0
0.9160214737879534,0.9138086713772002,0.9226787290379523,0.9491165008135003,0.9340427163486575,mask_only,0.9271336182730527,0.8166705086282731,0.09722965033899517,0.07502732283733361,2198,2042,none,1.0
0.9160214737879534,0.9138086713772002,0.9226787290379523,0.9491165008135003,0.9340427163486575,none,0.9271336182730527,0.8166705086282731,0.09722965033899517,0.07502732283733361,2198,2042,none,1.0
0.9177888442439635,0.9087143555611634,0.9238901147396293,0.9489121798024898,0.938705553400014,normal,0.927602209549452,0.8191165419838444,0.09732926286908053,0.07567674211111583,2198,2043,none,1.0
0.9177888442439635,0.9087143555611634,0.9238901147396293,0.9489121798024898,0.938705553400014,shuffle_val,0.927602209549452,0.8191165419838444,0.09732926286908053,0.07567674211111583,2198,2043,none,1.0
0.9177888442439635,0.9087143555611634,0.9238901147396293,0.9489121798024898,0.938705553400014,mask_only,0.927602209549452,0.8191165419838444,0.09732926286908053,0.07567674211111583,2198,2043,none,1.0
0.9177888442439635,0.9087143555611634,0.9238901147396293,0.9489121798024898,0.938705553400014,none,0.927602209549452,0.8191165419838444,0.09732926286908053,0.07567674211111583,2198,2043,none,1.0
0.9159669838141087,0.9098735884171346,0.9264419682259487,0.9486010737363418,0.9359060199126261,normal,0.927357926821232,0.8204497377656613,0.0981554500071469,0.07733431210013869,2198,2024,demo,1.0
0.9154599901444221,0.9099504763106429,0.9239055604589586,0.9468925128541458,0.9358041562657016,shuffle_val,0.9264025392067742,0.8193047636058196,0.09787456766611739,0.07653668846158758,2198,2024,demo,1.0
0.9169643872483986,0.9106779540722982,0.9252063106796117,0.9475979668798162,0.9355603702342978,mask_only,0.9272013978228845,0.8203643418522981,0.09859857642470886,0.07936396638923823,2198,2024,demo,1.0
0.9170224309161896,0.9107242839568481,0.9252173433362754,0.9475748441316566,0.9354356158801992,none,0.9271949036442338,0.8203596201356443,0.09919125130256537,0.08068544894889942,2198,2024,demo,1.0
0.9194448656229861,0.9121269951422624,0.9302305825242719,0.9484976519900278,0.9362516695909545,normal,0.9293103529741005,0.8235052608742024,0.0969211906641001,0.07730416925154163,2198,2025,demo,1.0
0.9217192297486828,0.9121979685824239,0.9286308473080318,0.9464191271372777,0.9354379049509165,shuffle_val,0.9288810155454665,0.8222494580035844,0.0969682419474451,0.07619695281353497,2198,2025,demo,1.0
0.9219040218338956,0.9127026686013501,0.9292056487202118,0.9477257726150987,0.9360124617009855,mask_only,0.9295101146943084,0.8230845907469287,0.09617143288164978,0.07413345551742319,2198,2025,demo,1.0
0.9219253439975739,0.9128308150905305,0.9290004413062666,0.9477442708136263,0.9360479422971054,none,0.9295097627010206,0.8229591593178771,0.09775706916770285,0.078182561151095,2198,2025,demo,1.0
0.9168731757704408,0.90991893255946,0.9280152250661959,0.9485489424495819,0.9359300551551588,normal,0.9278572662001675,0.8168976489168465,0.09822211749735263,0.07989958646689546,2198,2026,demo,1.0
0.917370692922937,0.9099603337328876,0.9260293468667256,0.9453327783873775,0.9354802527591886,shuffle_val,0.9268346809338232,0.8145587296492837,0.09854884898469819,0.07724576928633127,2198,2026,demo,1.0
0.9179309920018195,0.91170706895464,0.9268777581641661,0.9475441539386448,0.9359254770137241,mask_only,0.9279970900145991,0.8172261939135426,0.09789116064366575,0.07931559163416688,2198,2026,demo,1.0
0.9180281263030212,0.9113640306605262,0.9268755516328332,0.9475668562732016,0.9358350587203865,none,0.9279339247179937,0.817223145096515,0.09852014030880514,0.08051305357768104,2198,2026,demo,1.0
0.9178042435843978,0.909544350514163,0.9264210061782877,0.9478174227805314,0.9342567444607349,normal,0.927168753503623,0.8216507328508322,0.09842403948309766,0.07919776295896921,2198,2027,demo,1.0
0.9182591164095372,0.911285171282569,0.9250308914386584,0.9468538348026788,0.9333834639820445,shuffle_val,0.9269624955830975,0.8204735245085363,0.09863137503522813,0.0775532410933237,2198,2027,demo,1.0
0.9191664929305182,0.9117524130969655,0.9253596646072373,0.9480343561996292,0.9339935013282332,mask_only,0.9276612856325167,0.8212544403607455,0.09865334476287194,0.0799725588774833,2198,2027,demo,1.0
0.9192470433266366,0.9117898713014952,0.9253067078552516,0.9480259479275711,0.9339660324796245,none,0.927667120578116,0.8213401244626635,0.09899254214204246,0.08000057326246399,2198,2027,demo,1.0
0.9185753951707669,0.91102493533531,0.924848852603707,0.9492401024127537,0.9343082485518766,normal,0.9275995068148829,0.8176724064280207,0.09908015386159012,0.0811847289307364,2198,2028,demo,1.0
0.9193512850157309,0.9086512680587975,0.9229490291262136,0.9478443292511172,0.9339362745602982,shuffle_val,0.9265464372024315,0.8159124449076602,0.09951633653135707,0.07991795636799966,2198,2028,demo,1.0
0.9197540369963232,0.9111806826067755,0.9236440864960282,0.9485018561260568,0.9342287033444467,mask_only,0.9274618731139261,0.8167342798250038,0.09947852977260221,0.0813742352560475,2198,2028,demo,1.0
0.9197220537508055,0.9111175951044098,0.9234863195057368,0.9485026969532625,0.9343540299662247,none,0.9274365390560879,0.8166885045981536,0.09915070764100546,0.08061918583622188,2198,2028,demo,1.0
0.9174725654827337,0.9094043751182891,0.9269229920564872,0.9499724629090098,0.9366030419460764,normal,0.9280750875025191,0.8234885831892352,0.09655873575313631,0.07656185240817998,2198,2029,demo,1.0
0.9184356165422084,0.9076773547410258,0.9241306266548984,0.94833284985769,0.9357652420635058,shuffle_val,0.9268683379718656,0.8206502776877389,0.09635680590164224,0.07411524867980697,2198,2029,demo,1.0
0.9184711534816724,0.9089292473660968,0.9256288614298321,0.9489744010157193,0.9363008846113787,mask_only,0.9276609095809398,0.8228595163564156,0.0967492812279866,0.07672706582840395,2198,2029,demo,1.0
0.9185493347484931,0.908893760646016,0.9256509267431596,0.9489592661260147,0.9360880010346599,none,0.9276282578596687,0.8227534206625364,0.09775699944011422,0.07910967475690486,2198,2029,demo,1.0
0.9195040938554264,0.9086138098542679,0.9216890997352162,0.9466099949129955,0.9362310679544978,normal,0.9265296132624808,0.813394647134378,0.09673633142614346,0.07465653621653673,2198,2030,demo,1.0
0.9203403964974793,0.9067034414232541,0.9196557811120918,0.9444011418433456,0.9358430704678975,shuffle_val,0.9253887662688136,0.8119424375755363,0.0975118486940203,0.07476007666213516,2198,2030,demo,1.0
0.9210084909594026,0.908921361428301,0.9201676963812886,0.9455261686447126,0.935648499456918,mask_only,0.9262544433741245,0.8127309501050648,0.09708627553440466,0.07521156923785909,2198,2030,demo,1.0
0.9209433399037186,0.9088641883792821,0.9200871579876434,0.9455480301520636,0.9355935617597002,none,0.9262072556364818,0.8123912534276766,0.09731877394136838,0.07630343589613996,2198,2030,demo,1.0
0.9171918236609681,0.917564349252413,0.9255681818181818,0.9490837085524739,0.935544346739276,normal,0.9289904820046626,0.8205691299617826,0.09708243684742011,0.0734608736755354,2198,2031,demo,1.0
0.9182354251165611,0.9166416945303136,0.9213261253309797,0.9468117934423885,0.9353875453951337,shuffle_val,0.9276805167630753,0.818714423306148,0.09738717800187381,0.0747048514608097,2198,2031,demo,1.0
0.9179499450362003,0.9174933758122515,0.9242486760812003,0.9479090729459643,0.9354298932034056,mask_only,0.9286061926158045,0.819668664362905,0.09715490339390144,0.07453729136815256,2198,2031,demo,1.0
0.9179925893635571,0.9173494574474796,0.9243446601941747,0.9478897339202307,0.935397846213362,none,0.9285948574277608,0.8194935187404596,0.09727884751757179,0.0750107966891895,2198,2031,demo,1.0
0.913409508737349,0.9115730080121129,0.9294704324801413,0.9502944997288332,0.9347425997205043,normal,0.9278980097357881,0.8202760744471543,0.09602199796916873,0.07481035588285455,2198,2032,demo,1.0
0.9145028619081915,0.9085842375875339,0.9246657105030891,0.9464132413468369,0.9341216892884081,shuffle_val,0.9256575481268119,0.8169709630845553,0.09699314891906795,0.07565321709702053,2198,2032,demo,1.0
0.9145940733861492,0.9124384896851935,0.9282877316857898,0.949367908148036,0.9345978159976286,mask_only,0.9278572037805594,0.819546725571788,0.09634590146427958,0.07502957781376099,2198,2032,demo,1.0
0.9146402714074523,0.912477919374172,0.9280406001765226,0.9492770988098092,0.9344238466231056,none,0.9277719472782124,0.8192918138725404,0.09706988174055653,0.07683969400877544,2198,2032,demo,1.0
0.9147409594026004,0.9118569017727589,0.9250970873786408,0.9467041675600456,0.9333743076991747,normal,0.926354684762644,0.8200380298076247,0.1004856127318173,0.08493349430490534,2198,2033,demo,1.0
0.91553106402335,0.9082747145290518,0.9223146513680495,0.9451141633138682,0.9335059292654257,shuffle_val,0.924948104499949,0.8178483001720493,0.10073980899232735,0.08426025508445734,2198,2033,demo,1.0
0.9164242257685455,0.9108327156015394,0.9237577228596646,0.9454563799866307,0.9333674404870227,mask_only,0.9259676969406805,0.8192865699560438,0.1011184285233195,0.08544008706185684,2198,2033,demo,1.0
0.9164502861908191,0.9107232982146236,0.9236815975286848,0.9454462900601612,0.9332472642743589,none,0.9259097472537295,0.8191546168025221,0.10212662427831624,0.08827465309803464,2198,2033,demo,1.0
0.920075054016148,0.9097868431013816,0.9242486760812003,0.9469950937732541,0.9367026165222835,normal,0.9275616566988536,0.8208558199032929,0.09565041001410904,0.07168114218008234,2198,2034,demo,1.0
0.9200774231454454,0.9077581856034321,0.9213779788172992,0.9455328952623591,0.9365549714610109,shuffle_val,0.9262602908579094,0.8179696929415041,0.09655277315611928,0.0710686069791048,2198,2034,demo,1.0
0.9220651226261324,0.9108179294681724,0.9229048984995587,0.9464813483505073,0.9365080455113041,mask_only,0.9277554688911349,0.8207093049222648,0.09594509243513501,0.07071806259802883,2198,2034,demo,1.0
0.9222280002653426,0.9104768626585074,0.922784642541924,0.9464830300049188,0.9364439515312166,none,0.9276832974003819,0.8204050668911774,0.0966785777219832,0.07245104652881762,2198,2034,demo,1.0
0.9180304954323187,0.9101949403823102,0.9305825242718447,0.9499758262178332,0.9387421785314926,normal,0.9295051929671599,0.8228484462294474,0.09566517725498973,0.07773886791738713,2198,2035,demo,1.0
0.9181785660134187,0.9115907513721533,0.9265953221535745,0.9476963436628956,0.9383438802266637,shuffle_val,0.928480972685741,0.8218248292885354,0.09631296576916056,0.07638456407643114,2198,2035,demo,1.0
0.9201082218263144,0.9113384013626902,0.9291560017652252,0.9500245941957699,0.9384308649139252,mask_only,0.929811616812785,0.8228364768181222,0.09618797085618064,0.07835670953134535,2198,2035,demo,1.0
0.9200904533565823,0.9112023689357138,0.9290556045895852,0.950059068111208,0.9382374384383043,none,0.9297289866862787,0.822573657681555,0.09728817307274915,0.08184317230522611,2198,2035,demo,1.0
0.9137281566278761,0.9105281212541796,0.9293413503971757,0.9491686321002603,0.9327253561507902,normal,0.9270983233060563,0.8205455534873082,0.09800893099268733,0.07737792968250115,2198,2036,demo,1.0
0.9145431371062508,0.9077601570878809,0.9263084730803177,0.9445083473120857,0.9331442560920755,shuffle_val,0.9252528741357221,0.8176779132165827,0.09876144105988424,0.07621401815131582,2198,2036,demo,1.0
0.9150063018839316,0.9103960317961013,0.9283285525154459,0.9476820496003968,0.9328970364545958,mask_only,0.9268619944500942,0.8200686569115876,0.09789713700912467,0.07668629409581894,2198,2036,demo,1.0
0.915003932754634,0.9103605450760204,0.9283175198587819,0.9476753229827504,0.932868423070628,none,0.9268451487485629,0.8200080052770362,0.09878848696559672,0.07904709402770711,2198,2036,demo,1.0
0.9174168909442401,0.9129964197842408,0.9236385701676963,0.9496041805928672,0.9354768191531125,normal,0.9278265761284313,0.8166803648032385,0.09812503962277681,0.0778090152243096,2198,2037,demo,1.0
0.9175874682536674,0.9131521670557062,0.9208142100617829,0.9473289021739586,0.9344249911584643,shuffle_val,0.9266615477407159,0.8141940058184529,0.09773531695598434,0.07633333669421065,2198,2037,demo,1.0
0.9185896099465525,0.9126750678190649,0.9222131509267432,0.9485842571922257,0.9354207369205361,mask_only,0.9274965645610246,0.8161415265506369,0.09837293996629601,0.07844062358920452,2198,2037,demo,1.0
0.9186239623213676,0.9126119803166992,0.9221612974404237,0.9485733264385502,0.9353234514150462,none,0.9274588035864173,0.8159959513217938,0.09907355260191827,0.08021900989665602,2198,2037,demo,1.0
0.9149837951556044,0.9080815090530566,0.9230814210061782,0.9473608536077793,0.9362436578434435,normal,0.9259502473332123,0.8172299699640169,0.09856254585401278,0.07532457068611993,2198,2038,demo,1.0
0.917251051893408,0.9069577629171662,0.9210966460723742,0.9461366091961271,0.9355180224260258,shuffle_val,0.9253920185010202,0.8166805095323827,0.09916669690115179,0.0751093157176275,2198,2038,demo,1.0
0.9171124578294986,0.9079513910794271,0.9228232568402471,0.946387175703457,0.9355969953657762,mask_only,0.9259742553636812,0.8171209266428294,0.09852298940759867,0.07397755236539694,2198,2038,demo,1.0
0.9170561910086804,0.9082885149201942,0.9217420564872021,0.9463594284056656,0.9354344713448405,none,0.9257761324333167,0.8166285070519717,0.10019836337207125,0.07829899949803953,2198,2038,demo,1.0
0.9212951556044123,0.9082234559333797,0.9272429390997351,0.9485195134973787,0.9360742666103555,normal,0.9282710661490523,0.8193409861469299,0.09775649626715224,0.08000472279775206,2198,2039,demo,1.0
0.9236240097039536,0.9112891142514669,0.9237654457193292,0.9452554222844434,0.9359002972358327,shuffle_val,0.9279668578390051,0.8184305330187283,0.09887612186905129,0.0792106976030204,2198,2039,demo,1.0
0.922792445320496,0.9119830767774904,0.925817519858782,0.9478645091040565,0.9360181843777791,mask_only,0.9288951470877208,0.8197608260767799,0.09859761363050187,0.08149934672663531,2198,2039,demo,1.0
0.9228552272468823,0.9121033373288752,0.9258219329214475,0.9478552600047928,0.9359220434076481,none,0.9289115601819292,0.8198601844773235,0.09948506188707096,0.08313239875146962,2198,2039,demo,1.0
0.9131548273378567,0.9068927039303514,0.9264000441306266,0.9479174812180222,0.9364382288544231,normal,0.926160657094256,0.8138664422495177,0.09876619595224179,0.07995636027238581,2198,2040,demo,1.0
0.9130067567567567,0.903235600277585,0.9237378640776699,0.9450645545087256,0.9361520950147474,shuffle_val,0.924239374127097,0.8117847819934434,0.09839949038662892,0.07713420051254061,2198,2040,demo,1.0
0.9146260566316667,0.9067625859567219,0.9252007943512798,0.9475323823577635,0.9361772747926388,mask_only,0.926059818818014,0.8141229782956637,0.09984380965946799,0.0823775929692849,2198,2040,demo,1.0
0.914595257950798,0.9067901867390069,0.9252030008826125,0.9475491989018797,0.936079989287149,none,0.9260435267522892,0.8140009900906489,0.09984275129530944,0.08200611422975534,2198,2040,demo,1.0
0.9154244532049582,0.9121979685824239,0.9252824360105913,0.9481478678724129,0.9352708027885459,normal,0.9272647056917863,0.8192863077711436,0.09648578291888685,0.07466600540788247,2198,2041,demo,1.0
0.9155820003032487,0.911366002144975,0.9237830979699911,0.9464884953817566,0.9351288804040668,shuffle_val,0.9264696952408077,0.8194248950341452,0.0959061314845736,0.07203109821258105,2198,2041,demo,1.0
0.9173837231340738,0.9119535045107565,0.9239496910856134,0.9473204939019009,0.9350533410703924,mask_only,0.9271321507405472,0.8191256856920391,0.09670720028200788,0.07460533122565231,2198,2041,demo,1.0
0.9174026761684546,0.9119180177906757,0.9239441747572815,0.947318812247489,0.9350842435250775,none,0.9271335848977957,0.8190766701245588,0.09717267953665776,0.07579641173120925,2198,2041,demo,1.0
0.9170686289374929,0.9145874077345278,0.9255753530450131,0.9495570942693421,0.9345875151794003,normal,0.9282751998331552,0.8200959477780266,0.09706759637544167,0.07766211514694081,2198,2042,demo,1.0
0.9185007675978926,0.9118785881016971,0.9232711827007943,0.9471708266592676,0.9338721805802107,shuffle_val,0.9269387091279725,0.8171753110871617,0.09730707449690718,0.07498172876669387,2198,2042,demo,1.0
0.9188691672036693,0.9136568670746325,0.9247992056487201,0.9485111052253206,0.9344890851385518,mask_only,0.9280650860581788,0.8195705300684677,0.09794431720613846,0.07944994737151773,2198,2042,demo,1.0
0.9188952276259428,0.9134912623809224,0.9247650044130625,0.9485161501885554,0.9344421591888449,none,0.9280219607594656,0.8193372350013945,0.09772622950984773,0.0785570548311603,2198,2042,demo,1.0
0.9156850574276941,0.9119180177906757,0.9303971756398941,0.9498454980009334,0.9386609165210245,normal,0.9293013330760443,0.8222793933590905,0.09658401108143813,0.07411797938454623,2198,2043,demo,1.0
0.9167227360600433,0.9109342470506594,0.9275992939099735,0.9478132186445024,0.9383244231255657,shuffle_val,0.928278783758149,0.8212695823423701,0.09646299465167765,0.07229492889738307,2198,2043,demo,1.0
0.9165260983283423,0.9121447385023027,0.9294240953221535,0.9490937984789436,0.9386540493088723,mask_only,0.9291685559881229,0.8221772655980899,0.09645666738109317,0.07297573946073575,2198,2043,demo,1.0
0.9165616352678063,0.9119811052930414,0.9294395410414826,0.949087912688503,0.9385819435812741,none,0.9291304275744215,0.8219705511464628,0.09713595274255561,0.07481216342081823,2198,2043,demo,1.0
0.9155808157385998,0.9127558986814713,0.9327736098852604,0.9512732225963904,0.9371260946050036,normal,0.929901928301345,0.8239815410094066,0.09501472745692942,0.07343747017408711,2198,2024,demo+anthro,1.0
0.9173635855350442,0.912365544760583,0.9272374227714034,0.949122386603941,0.9359861373877353,shuffle_val,0.9284150154117412,0.8210340484435861,0.09604338289064937,0.0747406189651894,2198,2024,demo+anthro,1.0
0.9163697357947009,0.9138934452085042,0.9306740953221535,0.9505610419530734,0.9364622640969559,mask_only,0.9295921164750777,0.8230381737564786,0.09515320175441766,0.07473915226280632,2198,2024,demo+anthro,1.0
0.9153794397483037,0.9141043940445398,0.9272186672550752,0.9497488028722658,0.9355443467392761,none,0.9283991301318922,0.8212642013323231,0.09719124590306824,0.077446841315095,2198,2024,demo+anthro,1.0
0.9182674083620787,0.904856160494606,0.9336352603706973,0.9500876562362053,0.9373149429391897,normal,0.9288322856805553,0.8215676066638535,0.09565177946757619,0.07432859235468248,2198,2025,demo+anthro,1.0
0.9196948087638831,0.903663412403003,0.9279159311562224,0.9467386414754836,0.9367106282697946,shuffle_val,0.9269446844136773,0.8173908724799588,0.09675299233787296,0.07429425105484008,2198,2025,demo+anthro,1.0
0.9198049732762216,0.9064826351649737,0.9310348631950573,0.9497294638465322,0.9367369525830447,mask_only,0.9287577776131659,0.8201065017365702,0.09579668546792805,0.0742664967037946,2198,2025,demo+anthro,1.0
0.9193311474167014,0.906934105103779,0.9274558693733451,0.948099940721682,0.9355546475575043,none,0.9274751420346024,0.8177473591247221,0.09804657882325163,0.0777048736282127,2198,2025,demo+anthro,1.0
0.9164396251089798,0.9138500725506277,0.9325364077669902,0.9506791781754892,0.93883259682483,normal,0.9304675760853833,0.8239155199961077,0.09597710833172703,0.07366746950999412,2198,2026,demo+anthro,1.0
0.9176324817103219,0.9114941486341555,0.9281774051191527,0.9481789784790275,0.9384869471465017,shuffle_val,0.9287939922178318,0.8187742692896485,0.09600926542632622,0.07157943279353385,2198,2026,demo+anthro,1.0
0.9177758140328267,0.914100451075642,0.9296006178287731,0.9490996842693842,0.9387387449254163,mask_only,0.9298630624264085,0.822567966280238,0.0957173538303924,0.07285800039438278,2198,2026,demo+anthro,1.0
0.9173067264319017,0.9140196202132358,0.9276908649602823,0.9481823417878509,0.9383095441659027,none,0.9291018195118348,0.8213810052872772,0.09783865726306051,0.07716123116622531,2198,2026,demo+anthro,1.0
0.9194531575755278,0.9096074380165289,0.9294759488084731,0.9483000575966636,0.9344410146534862,normal,0.928255523330136,0.8207355637404087,0.09747262392868045,0.07694438489684362,2198,2027,demo+anthro,1.0
0.9206412759182746,0.9052307425399028,0.9230814210061784,0.9444087092881976,0.9329016145960305,shuffle_val,0.9252527526697168,0.8137329355988504,0.0984382656245503,0.07512698743856146,2198,2027,demo+anthro,1.0
0.9194496038815815,0.9098755599015835,0.9267166813768757,0.9473671598118228,0.9338138092769169,mask_only,0.927444562849756,0.8185230448949199,0.09818321542109978,0.07829318716644498,2198,2027,demo+anthro,1.0
0.9193145635116181,0.9099189325594601,0.9239298323036187,0.9464948015858001,0.9328661339999108,none,0.9265048527920815,0.8164743323325215,0.09970010289598269,0.08025489230744134,2198,2027,demo+anthro,1.0
0.9164147492513551,0.9115946943410512,0.9330494263018534,0.9521493645448391,0.9368834531089587,normal,0.9300183375096115,0.8223531509943361,0.09681558233785068,0.07856735548199939,2198,2028,demo+anthro,1.0
0.9163365679845343,0.9104236325783862,0.9297208737864077,0.9501162443612026,0.9352353221924262,shuffle_val,0.9283665281805913,0.8188729515383519,0.09726129348899225,0.07777585755026512,2198,2028,demo+anthro,1.0
0.9167179978014481,0.9115986373099491,0.9308313106796117,0.9513350233960169,0.9362339292928947,mask_only,0.9293433796959842,0.8206916056399198,0.0976216240748495,0.08006389491464733,2198,2028,demo+anthro,1.0
0.9166078332891096,0.9115217494164406,0.929082082965578,0.9506501696368888,0.9357194606491576,none,0.9287162591914349,0.8192079173209088,0.097950025271347,0.08058777904707422,2198,2028,demo+anthro,1.0
0.918420217201774,0.9093373446470254,0.9298036187113856,0.9505526336810154,0.9357629529927882,normal,0.9287753534467977,0.8223759360750365,0.09549612135436024,0.07595847463527386,2198,2029,demo+anthro,1.0
0.919138063378947,0.9084225758627216,0.9242994263018536,0.946840381567386,0.9347065468567054,shuffle_val,0.9266813987935227,0.8162726201732561,0.09580429104961682,0.07358152825619509,2198,2029,demo+anthro,1.0
0.9190646203707213,0.9133138287805186,0.9266758605472197,0.9501961229457541,0.9352936934957201,mask_only,0.9289088252279868,0.8217906669256726,0.09540710022213528,0.07606945502701104,2198,2029,demo+anthro,1.0
0.9187199120579205,0.91327439909154,0.925479920564872,0.9492459882031944,0.9346619099777159,none,0.9282764259790486,0.8203850408020937,0.09707292909957861,0.07892977654795504,2198,2029,demo+anthro,1.0
0.9197966813236798,0.9078252160746956,0.9278078111209179,0.949454513350234,0.9372668724541242,normal,0.9284302188647304,0.8213156316191821,0.09576500410637973,0.07533738831423611,2198,2030,demo+anthro,1.0
0.9209836151017777,0.9053332597312472,0.9240087157987644,0.9478376026334707,0.9367758667852406,shuffle_val,0.9269878120101002,0.8186806522156804,0.0963940077673286,0.07583666200156167,2198,2030,demo+anthro,1.0
0.9211838065274249,0.9080893949908524,0.9250805383936452,0.9483706870819513,0.9365343698245542,mask_only,0.9278517593636856,0.8198974244703157,0.096398035128611,0.07684623714201261,2198,2030,demo+anthro,1.0
0.919784835677192,0.9075275219229071,0.9207116063548102,0.9470287268614863,0.9354607956580907,none,0.9261026972948972,0.8165535319647297,0.09786177099768216,0.07959658140976109,2198,2030,demo+anthro,1.0
0.9185386736666541,0.9150546495489245,0.9283726831421006,0.9498446571737277,0.9364370843190643,normal,0.9296495495700942,0.8226099014605823,0.09473187141251861,0.07103712314666785,2198,2031,demo+anthro,1.0
0.9199956881846784,0.9162079679515489,0.9241140776699028,0.9472246396004389,0.9353005607078723,shuffle_val,0.9285685868228881,0.8197050309646347,0.09555058393974232,0.07093095639296423,2198,2031,demo+anthro,1.0
0.9193358856752968,0.9179487887199546,0.9261893203883496,0.9491207049495295,0.9358487931446909,mask_only,0.9296886985755644,0.821716996054873,0.09475436695987174,0.07080062549088037,2198,2031,demo+anthro,1.0
0.9184119252492324,0.9175426629234747,0.9227780229479258,0.9481688885525581,0.9349022624030435,none,0.9283607524152468,0.8196848547794652,0.09686993145208653,0.07349769330733294,2198,2031,demo+anthro,1.0
0.9166173098063001,0.9064757349694026,0.9318303177405118,0.9486817931480991,0.9389573511789288,normal,0.9285125013686486,0.8255238374409732,0.0949460908185575,0.07388725068609668,2198,2032,demo+anthro,1.0
0.9171811625791287,0.903292773326604,0.9255262577228596,0.9438907597294218,0.9385224277426214,shuffle_val,0.9256826762201269,0.8194607649145311,0.09661123834460424,0.07407322684035887,2198,2032,demo+anthro,1.0
0.918265039232781,0.9084600340672512,0.9285591350397174,0.9483294865488667,0.9384858026111429,mask_only,0.928419899499952,0.8239854605816704,0.09572167177539853,0.0746703802165454,2198,2032,demo+anthro,1.0
0.9171136423941472,0.9084600340672512,0.9252625772285967,0.9467554580195996,0.9373973494850163,none,0.9269978122389222,0.8215418293409968,0.09706555222558692,0.07712942004609555,2198,2032,demo+anthro,1.0
0.9136014082104545,0.9016938994385212,0.930346425419241,0.9481133939569748,0.9373630134242552,normal,0.9262236280898893,0.8168842957278478,0.09680253839207235,0.07394472632341784,2198,2033,demo+anthro,1.0
0.9143097778704371,0.901388319348937,0.9260260370697264,0.9444078684609919,0.9362779939042047,shuffle_val,0.9244819993308594,0.8137824664626752,0.09767429133285352,0.07491935832330336,2198,2033,demo+anthro,1.0
0.916907528145256,0.9046905558008959,0.9280648720211827,0.9485413750047297,0.9375472836170065,mask_only,0.9271503229178142,0.8179305300657751,0.09696749592486455,0.07402386116708284,2198,2033,demo+anthro,1.0
0.9155535707516774,0.9050375370639077,0.9253982789055605,0.947121217854125,0.9363066072881723,none,0.9258834423726885,0.8157366543951268,0.09863435874031258,0.07609719245039967,2198,2033,demo+anthro,1.0
0.9200774231454455,0.9082510567156646,0.9320244924977935,0.9481033040305052,0.9407016230655922,normal,0.9298315798910002,0.8231531316043406,0.09403624658072181,0.07178940354407956,2198,2034,demo+anthro,1.0
0.920739594784125,0.909262428237966,0.9308671668137688,0.9478619866224393,0.9391164415937885,shuffle_val,0.9295695236104174,0.8224965663734782,0.09503188898158578,0.07136566782428488,2198,2034,demo+anthro,1.0
0.9205968547439444,0.9129195318907325,0.930186451897617,0.9479452285158139,0.9394689584842688,mask_only,0.9302234051064753,0.8240216409149521,0.09449572360527457,0.07187069586492502,2198,2034,demo+anthro,1.0
0.9197564061256207,0.912335972493849,0.9269318181818181,0.9471069237916262,0.938593388934861,none,0.9289449019055549,0.8215792596522811,0.09651971780890004,0.07605133164693557,2198,2034,demo+anthro,1.0
0.9207846082407792,0.9115296353542363,0.9331034863195058,0.9497303046737381,0.9388005498347864,normal,0.9307897168846091,0.8236755667507042,0.0942395365000246,0.07515053268765529,2198,2035,demo+anthro,1.0
0.921046397028164,0.9089923348684625,0.9279148278905559,0.946857198111502,0.9378585972345737,shuffle_val,0.9285338710266517,0.8185104488873657,0.09569316602329696,0.07459429248511673,2198,2035,demo+anthro,1.0
0.9225910693301997,0.9127480127436753,0.9307943512797882,0.9495158937362576,0.9382855089233699,mask_only,0.9307869672026582,0.822673608039959,0.09467912087143686,0.07541478756449835,2198,2035,demo+anthro,1.0
0.9212655414881923,0.9124542615607848,0.9272859664607238,0.9485371708687006,0.9370230864227205,none,0.9293132053602244,0.8199809189391066,0.09699939341951883,0.07950576825796186,2198,2035,demo+anthro,1.0
0.9205216348887457,0.9094792915273484,0.9344240953221535,0.9523217341220291,0.9370459771298945,normal,0.9307585465980341,0.8260524267573335,0.09569895962436377,0.076406402911635,2198,2036,demo+anthro,1.0
0.9221575186687389,0.9088503879881396,0.9291835834068842,0.9491467705929093,0.9364210608240426,shuffle_val,0.9291518642961428,0.823214089680589,0.096595139728918,0.07557018704567027,2198,2036,demo+anthro,1.0
0.9219762802774724,0.9107607564191533,0.9320774492497794,0.9514497963096095,0.9369338126647415,mask_only,0.930639618984151,0.8254444776969073,0.09601358921580394,0.07569496755082633,2198,2036,demo+anthro,1.0
0.9208260680034874,0.9106720396189515,0.9291361429832303,0.9500515006663555,0.9360708330042794,none,0.929351316855261,0.8229945421911096,0.09748959432038601,0.07804214775552204,2198,2036,demo+anthro,1.0
0.9176407736628633,0.9087636426723866,0.9289838923212711,0.9490130790671862,0.935856804892202,normal,0.9280516385231818,0.8184551152812528,0.09651997433604101,0.0752960507939445,2198,2037,demo+anthro,1.0
0.9166540313104129,0.9059739921771497,0.9243523830538395,0.9450830527072535,0.9337108010946336,shuffle_val,0.9251548520686578,0.8126043920782384,0.09752035330724346,0.07261964921346306,2198,2037,demo+anthro,1.0
0.91773316970547,0.9096705255188948,0.9260282436010591,0.9483572338466584,0.9348496137765431,mask_only,0.9273277572897249,0.817631655779097,0.09651580139872803,0.07453436544909933,2198,2037,demo+anthro,1.0
0.9175614078313937,0.9103132294492462,0.9237599293909972,0.9472570114478625,0.9343769206733988,none,0.9266536997585796,0.8164959866286898,0.09853639839473871,0.07916728482067753,2198,2037,demo+anthro,1.0
0.919160570107274,0.9113048861270582,0.9281718887908208,0.9498736657123278,0.936581295774261,normal,0.9290184613023482,0.8207781813224813,0.09663695535320799,0.07455698942383351,2198,2038,demo+anthro,1.0
0.921562867215041,0.9107952573970096,0.9225165489849955,0.9468218833688582,0.9360593876506924,shuffle_val,0.9275511889233193,0.8180605849505351,0.09764303337264466,0.07357426854849344,2198,2038,demo+anthro,1.0
0.9213828133884234,0.9124838338275189,0.9267497793468666,0.9497748685156456,0.935951229059295,mask_only,0.92926850482755,0.8203055243263997,0.09642038591082633,0.07274523269403248,2198,2038,demo+anthro,1.0
0.9200608392403624,0.9131639959623998,0.9211849073256839,0.9481033040305052,0.9349022624030435,none,0.9274830617923989,0.8179191479934029,0.09903955187094925,0.07717903198152865,2198,2038,demo+anthro,1.0
0.9179025624502483,0.9026461264273549,0.9299966902030009,0.9491383623208512,0.9370471216652532,normal,0.9273461726133417,0.8189470374134691,0.09791073361311667,0.07958793222551226,2198,2039,demo+anthro,1.0
0.9196616409537166,0.9086433821210018,0.9241449691085613,0.9446971130197889,0.9338847704691564,shuffle_val,0.9262063751344451,0.814860985629277,0.09914531196435919,0.07971061998800552,2198,2039,demo+anthro,1.0
0.9203066364049884,0.9072751719134439,0.9266747572815534,0.9489857521829976,0.9367918902802623,mask_only,0.9280068416126491,0.8193743783653525,0.09874368263194895,0.08114533144447977,2198,2039,demo+anthro,1.0
0.9190575129828286,0.9078074727146551,0.9240622241835835,0.9477501566040669,0.9355878390829067,none,0.9268530411136082,0.8175031492956852,0.09983307308359178,0.0834666102565802,2198,2039,demo+anthro,1.0
0.9146888385580532,0.9090534508863795,0.9252449249779346,0.9477013886261303,0.9363386542782159,normal,0.9266054514653426,0.8175271044601882,0.09901198737490349,0.07955403101380872,2198,2040,demo+anthro,1.0
0.9160037053182213,0.9079356192038357,0.9196182700794351,0.9436242175051816,0.934873649019076,shuffle_val,0.9244110922251499,0.8121759406973125,0.09946695320511037,0.07845886391801729,2198,2040,demo+anthro,1.0
0.9158390508320382,0.9084324332849664,0.9222594880847309,0.9464931199313886,0.9354195923851774,mask_only,0.9256887369036603,0.8158691485113707,0.10057310927323644,0.08424143868326703,2198,2040,demo+anthro,1.0
0.915258614154126,0.9091125954198473,0.9208086937334509,0.9455539159425043,0.93483473481688,none,0.9251137108133618,0.8142091096452143,0.10135361292686182,0.08509955334945637,2198,2040,demo+anthro,1.0
0.9156850574276941,0.9120934799066305,0.9313261253309797,0.9510878201975101,0.9362058881766064,normal,0.9292796742078842,0.8238165124338991,0.09553057859312236,0.075913541008844,2198,2041,demo+anthro,1.0
0.9166102024184071,0.9083003438268878,0.9262610326566638,0.9470051836997238,0.9341983731574411,shuffle_val,0.9264750271518247,0.8177409310970605,0.09659434043879041,0.07540250607015134,2198,2041,demo+anthro,1.0
0.9169276657442856,0.9123980742539903,0.928270079435128,0.9494074270267088,0.9354379049509166,mask_only,0.9284882302822058,0.8223721420578443,0.09588960303079684,0.07570089811794553,2198,2041,demo+anthro,1.0
0.9159622455555134,0.9122117689735663,0.9255218446601943,0.9482924901518114,0.9344616162899428,none,0.9272899931262056,0.8200889802127775,0.09756413778811991,0.07944709751984018,2198,2041,demo+anthro,1.0
0.9160759637617981,0.9146288089079552,0.9231807149161517,0.9486498417142785,0.9372073566154716,normal,0.927948537183131,0.8177838737921244,0.09817872426459484,0.08007242210545082,2198,2042,demo+anthro,1.0
0.9168554073007089,0.9123300580405023,0.9189563106796117,0.9469740730931091,0.9364061818643794,shuffle_val,0.9263044061956622,0.8137527335132116,0.09922726784942329,0.08008343758144405,2198,2042,demo+anthro,1.0
0.9168862059815776,0.9134932338653713,0.9206983671668137,0.9475063167143837,0.9369349572001002,mask_only,0.9271038161856493,0.8157549650013889,0.09951677621655922,0.08298558956973645,2198,2042,demo+anthro,1.0
0.9159184166635079,0.9132329979181125,0.9166857899382171,0.9462972071924359,0.9359197543369305,none,0.9256108332098408,0.8124524956844315,0.10048304077132664,0.08377114655815063,2198,2042,demo+anthro,1.0
0.9176739414730297,0.9133158002649674,0.9296778464254193,0.9493855655193578,0.9398787021426847,normal,0.9299863711650918,0.8244966302350804,0.09562961534521916,0.07211764581302835,2198,2043,demo+anthro,1.0
0.9173931996512642,0.9128485584505709,0.9240291262135922,0.9457809392880717,0.9389104252292217,shuffle_val,0.927792449766544,0.8196483170267589,0.09640658920437276,0.0708355260405232,2198,2043,demo+anthro,1.0
0.9175945756415602,0.9139762475553593,0.9265677405119153,0.9481377779459433,0.9393007117865396,mask_only,0.9291154106882635,0.8223262403589672,0.09605117911609559,0.07190891299921615,2198,2043,demo+anthro,1.0
0.9170212463515408,0.9138027569238534,0.9247462488967344,0.9472969507401382,0.9387021197939379,none,0.9283138645412411,0.8205753764862429,0.09789433637104986,0.0753152320427134,2198,2043,demo+anthro,1.0
