CD_auc,CD_auprc,CD_brier,CD_ece,CD_prevalence,HYP_auc,HYP_auprc,HYP_brier,HYP_ece,HYP_prevalence,MI_auc,MI_auprc,MI_brier,MI_ece,MI_prevalence,NORM_auc,NORM_auprc,NORM_brier,NORM_ece,NORM_prevalence,STTC_auc,STTC_auprc,STTC_brier,STTC_ece,STTC_prevalence,macro_auc,macro_auprc,macro_brier,macro_ece,n_test,probability_key,seed,variant
0.9163495981956712,0.830450112738965,0.09508215257431656,0.07594324642701192,0.2256596906278435,0.9075866664563749,0.6768152609901088,0.08918641537288224,0.08685568330751185,0.1191992720655141,0.9248201676963812,0.8273370270318685,0.10330902574818818,0.06293473097429027,0.2502274795268426,0.9493334342325981,0.9288964474847399,0.10073280123632264,0.07584755851628856,0.4381255686988171,0.9331705804053257,0.8167736278596421,0.09923543642234493,0.07954732030541,0.2370336669699727,0.9262520893972702,0.816054495221065,0.09750916627081091,0.07622570790610252,2198,P_blend,2024,none
0.917589837382965,0.829857756965786,0.10112344026111489,0.09607730389408384,0.2256596906278435,0.9093649454293105,0.6827814881925008,0.09200007653424692,0.0959757257617898,0.1191992720655141,0.9246855692850839,0.8318332746185124,0.10852887016532668,0.0789020371816319,0.2502274795268426,0.9484051609973891,0.9275241394452656,0.09969450649708488,0.0696831566170047,0.4381255686988171,0.9370620006249163,0.8327226016246072,0.09396494896551186,0.07194146640490912,0.2370336669699727,0.9274215027439329,0.8209438521693343,0.09906236848465703,0.08251593797188388,2198,P_blend,2025,none
0.9195017247261287,0.829648282113546,0.0966668356482386,0.08197027277281918,0.2256596906278435,0.912192054129077,0.6849259815028538,0.09235099758336368,0.09404483602622937,0.1191992720655141,0.9233362753751104,0.8245893277449658,0.10109906458417545,0.05444286692776135,0.2502274795268426,0.9479107546003759,0.9270741468999782,0.10240381481197132,0.07849681465406282,0.4381255686988171,0.9363443769550094,0.8225725284086444,0.09810946373936881,0.08251780304330716,0.2370336669699727,0.9278570371571403,0.8177620533339975,0.09812603527342356,0.07829451868483597,2198,P_blend,2026,none
0.9183408513703043,0.8310473417605359,0.09798761855131105,0.0815134136056764,0.2256596906278435,0.9103211153870417,0.6779019321366803,0.09644853562483792,0.10396538514553927,0.1191992720655141,0.9257634598411297,0.8316913666833156,0.10312111859367075,0.06412416308776002,0.2502274795268426,0.9476500981665762,0.9282954588908133,0.1041762715210794,0.07639466097266281,0.4381255686988171,0.9350075596560443,0.8223673309246159,0.09660826578049429,0.07824902105428197,0.2370336669699727,0.9274166168842193,0.8182606860791921,0.09966836201427867,0.0808493287731841,2198,P_blend,2027,none
0.9173884613926689,0.8307955094467898,0.09523526601214896,0.0745156905813647,0.2256596906278435,0.9097829001324839,0.6811332910089782,0.09775788579327735,0.10864096900222547,0.1191992720655141,0.9262963371579878,0.8294939466072603,0.10284103780482678,0.06309074907747161,0.2502274795268426,0.9485405341775238,0.9273017918148471,0.09995227894868815,0.07193467922118794,0.4381255686988171,0.9339076611763306,0.8172613850703317,0.09940177223497906,0.08529089598015874,0.2370336669699727,0.9271831788073989,0.8171971847896415,0.09903764815878406,0.08069459677248168,2198,P_blend,2028,none
0.9200099029604639,0.8393132297282364,0.09145250177896862,0.06979510263412526,0.2256596906278435,0.9069242476815342,0.6741519139426592,0.0839447477279725,0.07946730899866047,0.1191992720655141,0.9282060900264785,0.8355035238274726,0.10171781033667693,0.06729495988763134,0.2502274795268426,0.9494292885340597,0.9291503167191197,0.0982644057280145,0.06673424805037051,0.4381255686988171,0.9367152064112293,0.8264641114501484,0.10265880314958219,0.09568167266954435,0.2370336669699727,0.9282569471227532,0.8209166191335273,0.09560765374424295,0.07579465844806639,2198,P_blend,2029,none
0.9171373336871234,0.8252626952626185,0.10378929732126381,0.10180963487834677,0.2256596906278435,0.9092959434735979,0.6721239599426412,0.09604245591398086,0.10474928755382047,0.1191992720655141,0.919680052956752,0.8166281591422493,0.11684720394050035,0.1005915340063801,0.2502274795268426,0.9462122836446496,0.9250841512655322,0.09415671637403107,0.04296169397532332,0.4381255686988171,0.932791739201595,0.8169708575673135,0.10733737306732213,0.11165315942724703,0.2370336669699727,0.9250234705927436,0.811213964636071,0.10363460932341964,0.09235306196822354,2198,P_blend,2030,none
0.91667653803874,0.8299198120122375,0.09410122133938034,0.06921176226538729,0.2256596906278435,0.90803813639518,0.6707580093359687,0.08860149165136459,0.08359663932753578,0.1191992720655141,0.9264883053839363,0.8334540760538899,0.10285289809771724,0.06156898771755331,0.2502274795268426,0.9489979441774818,0.9308965072081827,0.10150944466493365,0.07374499150258487,0.4381255686988171,0.9363695567329009,0.8228573061712107,0.0963163212011318,0.07464532229428324,0.2370336669699727,0.9273140961456479,0.817577142156298,0.09667627539090552,0.0725535406214689,2198,P_blend,2031,none
0.9140586501648914,0.8277488233859811,0.0997020506693637,0.08499654717126891,0.2256596906278435,0.9047220995520787,0.6680038505049383,0.0848585982700798,0.0780425035489736,0.1191992720655141,0.9250353045013238,0.8322943285053185,0.10288218774182216,0.06240091272472757,0.2502274795268426,0.9482655836812256,0.9281496599706052,0.101777913558864,0.0757921325781247,0.4381255686988171,0.9358693947811476,0.8256778264247077,0.09908349474016562,0.08064181771617182,0.2370336669699727,0.9255902065361334,0.8163748977583101,0.09766084899605906,0.07637478274785332,2198,P_blend,2032,none
0.9158461582199309,0.8268458497992943,0.09758306978904846,0.08187757827067944,0.2256596906278435,0.9042903444577629,0.6625739213392221,0.09890640738958792,0.09928408698622038,0.1191992720655141,0.9241394527802295,0.8280165367013811,0.09773079290379448,0.04978265560357836,0.2502274795268426,0.945826343957185,0.9242574870639072,0.1139355609608607,0.10062020200086749,0.4381255686988171,0.9357526521745599,0.8215316047979504,0.09664702545853451,0.07773269114392038,0.2370336669699727,0.9251709903179337,0.8126450799403511,0.10096057130036522,0.0818594428010532,2198,P_blend,2033,none
0.9182887305257571,0.8334921960581956,0.09278292390711687,0.06829225517966908,0.2256596906278435,0.9096981263011796,0.6887525969923917,0.08925424738882427,0.09215178572135795,0.1191992720655141,0.9230052956751986,0.8268595640866886,0.10521838915479972,0.06326798096845922,0.2502274795268426,0.9470186369350166,0.9252937926734666,0.1013335947515857,0.07452282361217118,0.4381255686988171,0.9355786828000371,0.8199485316709214,0.09465563405894041,0.07527070140538364,0.2370336669699727,0.9267178944474379,0.8188693362963327,0.09664895785225339,0.07470110937740822,2198,P_blend,2034,none
0.9219383742087108,0.8342310605525742,0.09154673548163345,0.07167145095589775,0.2256596906278435,0.9100766513153745,0.6720023454643742,0.08812634359927903,0.08473382550205559,0.1191992720655141,0.9269560900264784,0.8323913355823712,0.10712956333249549,0.07940562744160153,0.2502274795268426,0.9481529128356478,0.9285243414648825,0.09776649997679084,0.06223335574397137,0.4381255686988171,0.9357434958916904,0.8270803424156067,0.09824699818584283,0.0828901599987221,0.2370336669699727,0.9285735048555803,0.8188458850959618,0.09656322811520832,0.07618688392844966,2198,P_blend,2035,none
0.9195100166786704,0.827674321079629,0.09490253078717309,0.07081910004707208,0.2256596906278435,0.9087715286101823,0.6797514030259099,0.09317872378753006,0.09645255831544718,0.1191992720655141,0.9275408208296558,0.8313978904376599,0.10288242434305313,0.06411079464419861,0.2502274795268426,0.9505341354824877,0.9306459226162345,0.10200259388420285,0.08222598313105409,0.4381255686988171,0.9357515076392012,0.8269545036532625,0.09297549179975886,0.07154742557063512,0.2370336669699727,0.9284216018480395,0.819284808162539,0.0971883529203436,0.07703117234168141,2198,P_blend,2036,none
0.9166090178537585,0.8322777164187918,0.09454373441851592,0.07583753757440137,0.2256596906278435,0.9103329442937355,0.6808179359345022,0.08968658367986666,0.09410216593370935,0.1191992720655141,0.9260403795233891,0.8338974996233531,0.10108381444327234,0.059685672659380136,0.2502274795268426,0.9492611230928988,0.9297878896446892,0.10204523367495295,0.08049527775260029,0.4381255686988171,0.936207032711965,0.8258207148010075,0.09684176298838192,0.07969114807538698,0.2370336669699727,0.9276900994951494,0.8205203512844689,0.09684022584099797,0.07796236039909563,2198,P_blend,2037,none
0.9205559872635609,0.8379267827087323,0.0902526360962986,0.06508599585040835,0.2256596906278435,0.9135188631632074,0.682395517511422,0.09236040336378527,0.09536767401321534,0.1191992720655141,0.9218203883495145,0.8253732169350272,0.1005604016795606,0.04936343577194767,0.2502274795268426,0.9468424836354006,0.9266287938919188,0.1069301585484754,0.08761641000459683,0.4381255686988171,0.9352650801117524,0.821136277650484,0.10094203430967118,0.08320859993551331,0.2370336669699727,0.9276005605046871,0.8186921177395169,0.0982091267995582,0.0761284231151363,2198,P_blend,2038,none
0.9215000852886547,0.8281546403697184,0.09699158483109926,0.07966419592550789,0.2256596906278435,0.9092466563623746,0.6768236856873044,0.087886111496768,0.08300330525518816,0.1191992720655141,0.9245476610767872,0.8341880692010559,0.10577767865898044,0.06842763843087266,0.2502274795268426,0.9480789200415369,0.9281343536230457,0.10232558881097843,0.07544331466731916,0.4381255686988171,0.936530936218478,0.8187345851260436,0.09826931796356606,0.08306791733066365,0.2370336669699727,0.9279808517975663,0.8172070668014335,0.09825005635227844,0.0779212743219103,2198,P_blend,2039,none
0.9142576570258899,0.8279409107451463,0.09653753060627925,0.08305198146400844,0.2256596906278435,0.9092998864424957,0.6829325114127585,0.09109241108236388,0.0972777924125239,0.1191992720655141,0.9210436893203885,0.8222214116935487,0.11470536775143439,0.09455540252389094,0.2502274795268426,0.9455555975969158,0.9239908523162289,0.09617173095469153,0.041475901186240866,0.4381255686988171,0.9353131505968179,0.8189606049883577,0.10178212673399033,0.09217810662582988,0.2370336669699727,0.9250939961965015,0.8152092582312079,0.10005783342575188,0.0817078368424988,2198,P_blend,2040,none
0.9195147549372655,0.8328989137654503,0.08882310965322007,0.06171256499047716,0.2256596906278435,0.9108494732193553,0.6830791144367979,0.08255181086920343,0.07645680412874602,0.1191992720655141,0.923918799646955,0.8257044151822376,0.10516403350069214,0.06854372347492389,0.2502274795268426,0.9471960514754415,0.9269899299361638,0.10597804878495862,0.08128994110017931,0.4381255686988171,0.9335482770736978,0.8196938369318463,0.10128643289757731,0.08587857150642704,0.2370336669699727,0.9270054712705431,0.8176732420504992,0.09676068714113031,0.07477632104015068,2198,P_blend,2041,none
0.9160214737879534,0.829349698850569,0.09578985458549566,0.0771380435986865,0.2256596906278435,0.9138086713772002,0.6823200695311701,0.08418997665393438,0.08082542319905131,0.1191992720655141,0.9226787290379523,0.8221566394399608,0.10343864730954756,0.05476164443842056,0.2502274795268426,0.9491165008135003,0.9284686000012694,0.10647945847348175,0.08698752221032872,0.4381255686988171,0.9340427163486575,0.821057535318396,0.09625031436275935,0.07542398167020486,0.2370336669699727,0.9271336182730527,0.8166705086282731,0.09722965027704375,0.0750273230233384,2198,P_blend,2042,none
0.9177888442439635,0.8279569624294526,0.09277520986557013,0.06457053760499253,0.2256596906278435,0.9087143555611634,0.6790460200352659,0.08940721230488757,0.08827256022377414,0.1191992720655141,0.9238901147396293,0.8314577320290994,0.10065412633389181,0.05780911539006148,0.2502274795268426,0.9489121798024898,0.9294794965288953,0.1039526823520782,0.08042258101981344,0.4381255686988171,0.938705553400014,0.8276424988965086,0.09985708395164442,0.08730891689602827,0.2370336669699727,0.927602209549452,0.8191165419838444,0.09732926296161443,0.07567674222693396,2198,P_blend,2043,none
0.9159669838141087,0.8348412670566338,0.09745324360778418,0.08202416756915386,0.2256596906278435,0.9098735884171346,0.6846643099185236,0.09089247883259502,0.09122354601382138,0.1191992720655141,0.9264419682259487,0.8319428779784692,0.10292454788954934,0.05745954444333799,0.2502274795268426,0.9486010737363418,0.927762386061872,0.10131986299256367,0.07434284270729107,0.4381255686988171,0.9359060199126261,0.8230378478128086,0.09818711597780701,0.08162145678805782,0.2370336669699727,0.927357926821232,0.8204497377656613,0.09815544986005983,0.07733431150433243,2198,P_blend,2024,demo
0.9194448656229861,0.8313320074320726,0.09813545321757075,0.08142881846000229,0.2256596906278435,0.9121269951422624,0.6928960996753653,0.08691603200441214,0.08771298071489492,0.1191992720655141,0.9302305825242719,0.8404437460792462,0.09511535703930298,0.047431931284837824,0.2502274795268426,0.9484976519900278,0.9271632584801359,0.10715067412734852,0.08988594123910967,0.4381255686988171,0.9362516695909545,0.8256911927041923,0.09728843504133237,0.08006117314266599,0.2370336669699727,0.9293103529741005,0.8235052608742024,0.09692119028599336,0.07730416896830214,2198,P_blend,2025,demo
0.9168731757704408,0.8296373038639037,0.09934118482688832,0.08543371966112281,0.2256596906278435,0.90991893255946,0.6803397530428109,0.09345745975416488,0.09622772501509748,0.1191992720655141,0.9280152250661959,0.8301451019649889,0.0992834567460929,0.05429811098404919,0.2502274795268426,0.9485489424495819,0.9226634392637012,0.10148416737696361,0.08151592664712798,0.4381255686988171,0.9359300551551588,0.8217026464488268,0.09754431863747766,0.0820224438015814,0.2370336669699727,0.9278572662001675,0.8168976489168465,0.09822211746831747,0.07989958522179577,2198,P_blend,2026,demo
0.9178042435843978,0.8264080571670374,0.09952277693804958,0.0777195125324997,0.2256596906278435,0.9095443505141633,0.6919624416852824,0.09071985329305969,0.09642373136549472,0.1191992720655141,0.9264210061782877,0.8356276105554419,0.10151966750096963,0.06842957193099199,0.2502274795268426,0.9478174227805314,0.926677711511354,0.10235060280223321,0.07627615249687579,0.4381255686988171,0.9342567444607349,0.8275778433350456,0.09800729909864205,0.0771398491549104,0.2370336669699727,0.927168753503623,0.8216507328508322,0.09842403992659084,0.07919776349615451,2198,P_blend,2027,demo
0.9185753951707669,0.829805759756715,0.09585406586552099,0.07950022733562478,0.2256596906278435,0.91102493533531,0.6816380568729722,0.09807574686940981,0.1071606438018742,0.1191992720655141,0.924848852603707,0.8303836694077235,0.10330893035462696,0.06571045274078552,0.2502274795268426,0.9492401024127536,0.928241085045011,0.09896109174466666,0.06938106976360697,0.4381255686988171,0.9343082485518767,0.818293461057682,0.09920093370539639,0.08417125228643552,0.2370336669699727,0.9275995068148829,0.8176724064280207,0.09908015370792415,0.0811847291856654,2198,P_blend,2028,demo
0.9174725654827337,0.8348488935884573,0.09366295375298049,0.0690547508100254,0.2256596906278435,0.9094043751182891,0.6877492854694152,0.08315053542172994,0.07939189529826898,0.1191992720655141,0.9269229920564872,0.834894450025942,0.1025822444098103,0.06565262745485487,0.2502274795268426,0.9499724629090098,0.931016166141307,0.09739327669380983,0.06548682698759774,0.4381255686988171,0.9366030419460764,0.8289341207210547,0.10600466918426958,0.10322316372995367,0.2370336669699727,0.9280750875025191,0.8234885831892352,0.09655873589252004,0.07656185285614012,2198,P_blend,2029,demo
0.9195040938554264,0.8313978118052227,0.09194654431595513,0.07037710737854051,0.2256596906278435,0.9086138098542679,0.6709965402775206,0.08620153380906415,0.08001227387445087,0.1191992720655141,0.9216890997352162,0.8216583396980577,0.10422195702805273,0.06328521966110015,0.2502274795268426,0.9466099949129955,0.9219327365566986,0.10512333465366011,0.085075299761386,0.4381255686988171,0.9362310679544978,0.8209878073343907,0.09618828614504678,0.0745327764691305,0.2370336669699727,0.9265296132624808,0.813394647134378,0.09673633119035577,0.07465653542892162,2198,P_blend,2030,demo
0.9171918236609681,0.8294112989078858,0.09930109397888098,0.07899467678946201,0.2256596906278435,0.917564349252413,0.6933155358820331,0.08756629956242261,0.08807111144437282,0.1191992720655141,0.9255681818181818,0.8295075093439553,0.10150334613713527,0.05410201225357583,0.2502274795268426,0.9490837085524739,0.9275307031094303,0.09788319488933778,0.062451500853013264,0.4381255686988171,0.935544346739276,0.8230806025656081,0.099158249704511,0.08368506439053038,0.2370336669699727,0.9289904820046626,0.8205691299617826,0.09708243685445753,0.07346087314619087,2198,P_blend,2031,demo
0.913409508737349,0.8264187359460746,0.10145556462735746,0.08833151476758183,0.2256596906278435,0.9115730080121129,0.688515803604253,0.08082920955995472,0.07102054971630853,0.1191992720655141,0.9294704324801413,0.8369336542182678,0.09760233699730052,0.058172647903810576,0.2502274795268426,0.9502944997288331,0.927733451510291,0.09975822718296647,0.07490030207819058,0.4381255686988171,0.9347425997205043,0.8217786347019462,0.1004646475023446,0.0816267621192879,0.2370336669699727,0.9278980097357881,0.8202760559961664,0.09602199717398474,0.07481035531703588,2198,P_blend,2032,demo
0.9147409594026004,0.8241280830407526,0.09840778185222106,0.08345347296879438,0.2256596906278435,0.9118569017727589,0.6922523439265695,0.09166034606090506,0.10259025728481917,0.1191992720655141,0.9250970873786408,0.833798811220075,0.10181067975036368,0.056710484896480014,0.2502274795268426,0.9467041675600456,0.9257682813553326,0.10633980191693379,0.08957629993177939,0.4381255686988171,0.9333743076991747,0.8242426294953941,0.10420945141569281,0.09233695999100715,0.2370336669699727,0.926354684762644,0.8200380298076247,0.10048561219922328,0.08493349501457603,2198,P_blend,2033,demo
0.920075054016148,0.831866819131585,0.09388481046029443,0.0708025628322026,0.2256596906278435,0.9097868431013816,0.692317516217269,0.08412559221357502,0.07891706174013524,0.1191992720655141,0.9242486760812003,0.8301455178828857,0.10359057418505109,0.06289355855735931,0.2502274795268426,0.9469950937732541,0.9216583278368221,0.10157527119013413,0.0746916118154053,0.4381255686988171,0.9367026165222835,0.8282909184479029,0.09507580228480092,0.07110091385319106,0.2370336669699727,0.9275616566988536,0.8208558199032929,0.09565041006677112,0.0716811417596587,2198,P_blend,2034,demo
0.9180304954323187,0.8299254654046946,0.09388450041438214,0.07356900024427261,0.2256596906278435,0.9101949403823102,0.6785483773084455,0.09005201969428153,0.09142978855367087,0.1191992720655141,0.9305825242718447,0.8424171138557596,0.10418507199545803,0.07956128406312614,0.2502274795268426,0.9499758262178332,0.9268648285432486,0.0943841053027649,0.06399421779193963,0.4381255686988171,0.9387421785314926,0.8364864460350896,0.09582018911496443,0.08014004667125477,0.2370336669699727,0.9295051929671599,0.8228484462294474,0.09566517730437021,0.07773886746485281,2198,P_blend,2035,demo
0.9137281566278761,0.8247791676490189,0.09712894105986178,0.07078752281770616,0.2256596906278435,0.9105281212541796,0.6877175630135959,0.09401921262815383,0.0962099296370604,0.1191992720655141,0.9293413503971757,0.8391553745976749,0.10215813971033942,0.06588774325238561,0.2502274795268426,0.9491686321002603,0.9278738056579128,0.10228096024576151,0.08156146215921414,0.4381255686988171,0.9327253561507902,0.823201856518338,0.09445740338173499,0.07244298933504872,0.2370336669699727,0.9270983233060563,0.8205455534873082,0.09800893140517031,0.07737792944028302,2198,P_blend,2036,demo
0.9174168909442401,0.8300902957246495,0.09412783014793069,0.06823040464523505,0.2256596906278435,0.9129964197842408,0.6775535137839882,0.09218469596601477,0.09746813425901185,0.1191992720655141,0.9236385701676963,0.8254106381141516,0.10445525855583533,0.06151970053888015,0.2502274795268426,0.9496041805928673,0.9293072137587912,0.10336319103135275,0.08225306172927899,0.4381255686988171,0.9354768191531125,0.8210400629158242,0.09649422161539795,0.07957377372386908,0.2370336669699727,0.9278265761284313,0.8166803448594809,0.0981250394633063,0.07780901497925502,2198,P_blend,2037,demo
0.9149837951556044,0.8298471606055133,0.09203735546948147,0.06359774407537043,0.2256596906278435,0.9080815090530566,0.6801530490891285,0.09413346524722692,0.09543757403346678,0.1191992720655141,0.9230814210061782,0.8285817712549751,0.09970065161949239,0.05260223115746124,0.2502274795268426,0.9473608536077793,0.9272199435353439,0.10545137601331775,0.08200763012256099,0.4381255686988171,0.9362436578434435,0.8203479253351237,0.1014898790299276,0.08297767012882469,0.2370336669699727,0.9259502473332123,0.8172299699640169,0.09856254547588922,0.07532456990353682,2198,P_blend,2038,demo
0.9212951556044123,0.8298103602110793,0.09728105619049496,0.08046565089635153,0.2256596906278435,0.9082234559333797,0.689736670771564,0.08904741165843533,0.0924083517427759,0.1191992720655141,0.9272429390997351,0.833533471835693,0.10439170471383967,0.07239435393625025,0.2502274795268426,0.9485195134973787,0.9210794304618509,0.10124475474364353,0.07767393359529179,0.4381255686988171,0.9360742666103554,0.8225465311620637,0.0968175531256055,0.07708132212013172,0.2370336669699727,0.9282710661490523,0.8193412928884503,0.0977564960864038,0.08000472245816023,2198,P_blend,2039,demo
0.9131548273378567,0.8259613557019273,0.10038673072566061,0.0871268335630106,0.2256596906278435,0.9068927039303514,0.6713560215033915,0.09199893940996574,0.0949234101267505,0.1191992720655141,0.9264000441306266,0.830856918713551,0.10817257764266709,0.08451693515139756,0.2502274795268426,0.9479174812180222,0.9224875795953322,0.09318490277449418,0.04654242262047635,0.4381255686988171,0.936438228854423,0.8186694009675759,0.10008782847343416,0.0866721997241601,0.2370336669699727,0.926160657094256,0.8138662552963556,0.09876619580524436,0.07995636023715902,2198,P_blend,2040,demo
0.9154244532049582,0.8263545719337522,0.08913613294448378,0.05705014023694092,0.2256596906278435,0.9121979685824239,0.6877919067127077,0.0812065798603924,0.07285801423959325,0.1191992720655141,0.9252824360105913,0.8278878111142594,0.10909025860950791,0.081118492606051,0.2502274795268426,0.9481478678724129,0.9265958143892209,0.10351946844301446,0.07983063223059433,0.4381255686988171,0.9352702305208666,0.8278014347057783,0.09947647634543237,0.08247274684442765,0.2370336669699727,0.9272645912382507,0.8192863077711436,0.09648578324056618,0.07466600523152143,2198,P_blend,2041,demo
0.9170686289374929,0.8276947765457452,0.09875207598428237,0.08075102290485094,0.2256596906278435,0.9145874077345277,0.6925193192643855,0.08483721518268368,0.08359400744358987,0.1191992720655141,0.9255753530450131,0.8276323882088729,0.10203471985706405,0.054821090817456425,0.2502274795268426,0.9495570942693421,0.9290315219348799,0.10342202837251031,0.08522276190662857,0.4381255686988171,0.9345875151794003,0.8236017329362494,0.09629194568473719,0.08392169786393269,0.2370336669699727,0.9282751998331552,0.8200959477780266,0.09706759701625553,0.0776621161872917,2198,P_blend,2042,demo
0.9156850574276941,0.8264061159355187,0.0959890755461024,0.07383549132793932,0.2256596906278435,0.9119180177906757,0.6846949344819403,0.08898159770166793,0.08476213353742795,0.1191992720655141,0.9303971756398941,0.8413653240395659,0.09815277998435952,0.05549137953163515,0.2502274795268426,0.9498454980009334,0.9307140387365995,0.09950529505229254,0.07126475475404312,0.4381255686988171,0.9386609165210245,0.8282165536018284,0.10029130977816139,0.08523614203948057,0.2370336669699727,0.9293013330760443,0.8222793933590905,0.09658401161251676,0.07411798023810522,2198,P_blend,2043,demo
0.9155808157385998,0.8276824958069259,0.09567727766597563,0.07653175712552981,0.2256596906278435,0.9127558986814713,0.6922543265837143,0.08544777740191073,0.08468508036737402,0.1191992720655141,0.9327736098852604,0.8375205616769985,0.0990799737443616,0.05809522572356263,0.2502274795268426,0.9512732225963904,0.9312170268362334,0.09993229847247549,0.0739051152589682,0.4381255686988171,0.9371260946050036,0.8312332941431602,0.09493631291541188,0.07397017660635714,0.2370336669699727,0.929901928301345,0.8239815410094066,0.09501472804002706,0.07343747101635836,2198,P_blend,2024,demo+anthro
0.9182674083620787,0.8252395950258771,0.09953456615147244,0.08009705634762614,0.2256596906278435,0.904856160494606,0.6802979350404103,0.08726794532489678,0.08472603984512106,0.1191992720655141,0.9336352603706973,0.8430560859858391,0.09527265475392176,0.04946292398198486,0.2502274795268426,0.9500876562362053,0.9298169950759743,0.10306514070659129,0.08483881765283952,0.4381255686988171,0.9373149429391897,0.8294274221911672,0.09311859110375467,0.07251812245996168,0.2370336669699727,0.9288322856805553,0.8215676066638535,0.0956517796081274,0.07432859205750666,2198,P_blend,2025,demo+anthro
0.9164396251089798,0.8214779117697969,0.0995920777940947,0.07669455401446447,0.2256596906278435,0.9138500725506277,0.6913776747638233,0.08942685767931667,0.08693197724490394,0.1191992720655141,0.9325364077669902,0.8399570218700961,0.09546369985743298,0.04862569380429416,0.2502274795268426,0.9506791781754892,0.9307193208104851,0.10013544729128031,0.07805255347997316,0.4381255686988171,0.93883259682483,0.8360456707663367,0.0952674565195238,0.07803256442999386,0.2370336669699727,0.9304675760853833,0.8239155199961076,0.09597710782832969,0.07366746859472591,2198,P_blend,2026,demo+anthro
0.9194531575755278,0.8282200408447681,0.09751932576065134,0.07363343791851014,0.2256596906278435,0.9096074380165289,0.6824916359134283,0.09206064561353663,0.09343560025441877,0.1191992720655141,0.9294759488084731,0.8423235068449286,0.1007996906661705,0.07041667365596538,0.2502274795268426,0.9483000575966636,0.9270261333978866,0.10065734833218085,0.07144084579540108,0.4381255686988171,0.9344410146534862,0.8236165017010318,0.09632611001165518,0.07579536925816013,0.2370336669699727,0.928255523330136,0.8207355637404087,0.0974726240768389,0.07694438537649109,2198,P_blend,2027,demo+anthro
0.9164147492513551,0.8253836130258247,0.097882750786303,0.07796816295821529,0.2256596906278435,0.9115946943410512,0.6824377409736596,0.0940053461578006,0.10208609865546969,0.1191992720655141,0.9330494263018534,0.8437329053168217,0.0992679429401958,0.06554222691393924,0.2502274795268426,0.9521493645448391,0.9316819291345336,0.09616543908782964,0.06842164409374668,0.4381255686988171,0.9368834531089587,0.8285295665208413,0.09675643342429091,0.07881864253055182,0.2370336669699727,0.9300183375096115,0.8223531509943361,0.09681558247928398,0.07856735503038455,2198,P_blend,2028,demo+anthro
0.918420217201774,0.8352081964795632,0.09196544808713898,0.0700834630493323,0.2256596906278435,0.9093373446470254,0.6871912061128379,0.08394312732678956,0.07919899139210738,0.1191992720655141,0.9298036187113856,0.834277505457406,0.10166405850458764,0.07077186171741784,0.2502274795268426,0.9505526336810154,0.9289172678197816,0.09622990630801237,0.06364553131496906,0.4381255686988171,0.9357629529927882,0.8262855045055932,0.1036780675717224,0.09609252626698842,0.2370336669699727,0.9287753534467977,0.8223759360750365,0.09549612155965018,0.075958474748163,2198,P_blend,2029,demo+anthro
0.91979668132368,0.8333848260679393,0.09224882618834959,0.06839813662977216,0.2256596906278435,0.9078252160746956,0.6835335607762866,0.08609866171522976,0.08297698575327271,0.1191992720655141,0.9278078111209179,0.8307890018988838,0.10282971052066413,0.06738175494677714,0.2502274795268426,0.949454513350234,0.9291526718423792,0.10434840113101786,0.08677901403802417,0.4381255686988171,0.9372668724541242,0.8297180975104215,0.09329942025119052,0.07115104944794479,0.2370336669699727,0.9284302188647304,0.8213156316191821,0.09576500396129037,0.07533738816315819,2198,P_blend,2030,demo+anthro
0.9185386736666541,0.831423419736491,0.09301073706608531,0.06866831718636293,0.2256596906278435,0.9150546495489245,0.6914002667664143,0.08477366466860407,0.08057701540910768,0.1191992720655141,0.9283726831421006,0.8331837676014391,0.10279625604575773,0.06361425015583136,0.2502274795268426,0.9498446571737277,0.930200167774345,0.09806457261457717,0.06634807006156912,0.4381255686988171,0.9364370843190643,0.8268418854242229,0.09501412465135123,0.07597796385821962,0.2370336669699727,0.9296495495700942,0.8226099014605823,0.0947318710092751,0.07103712333421815,2198,P_blend,2031,demo+anthro
0.9166173098063001,0.8338487576110981,0.09895930571849948,0.08506012332495946,0.2256596906278435,0.9064767207116271,0.6868928863056074,0.08191381719190678,0.0737964135034926,0.1191992720655141,0.9318303177405118,0.843183911825827,0.09892141449715486,0.06075906741616307,0.2502274795268426,0.9486817931480991,0.9273322732086385,0.09909871830462193,0.06845982309411158,0.4381255686988171,0.9389573511789288,0.8363620839987973,0.09583719677595759,0.0813608292425808,0.2370336669699727,0.9285126985170933,0.8255239825899936,0.09494609049762812,0.07388725131626149,2198,P_blend,2032,demo+anthro
0.9136014082104545,0.8229065685756255,0.09732002264745235,0.07453563566364611,0.2256596906278435,0.9016938994385212,0.6708374950201947,0.0902793666025689,0.08643941710452796,0.1191992720655141,0.930346425419241,0.8363107272938782,0.09695733799946891,0.046906664570314505,0.2502274795268426,0.9481133939569748,0.9242875193254638,0.1065943849751575,0.09072649125036511,0.4381255686988171,0.9373630134242552,0.8300791684240769,0.09286158201417977,0.07111542517190234,0.2370336669699727,0.9262236280898893,0.8168842957278478,0.09680253884776549,0.0739447267521512,2198,P_blend,2033,demo+anthro
0.9200774231454455,0.8332978063348324,0.0950491851616629,0.07119138075256316,0.2256596906278435,0.9082510567156646,0.6880829594007399,0.08345568418748314,0.0798923653652782,0.1191992720655141,0.9320244924977935,0.8392899145875305,0.10181198604102791,0.07118408185962606,0.2502274795268426,0.9481033040305052,0.9217236150228834,0.1003105620768464,0.07045877897931646,0.4381255686988171,0.9407016230655922,0.833371362675716,0.08955381531016837,0.06622041164783192,0.2370336669699727,0.9298315798910002,0.8231531316043406,0.09403624655543774,0.07178940372092316,2198,P_blend,2034,demo+anthro
0.9207846082407792,0.8298896007307003,0.09153615052734271,0.07222719866440225,0.2256596906278435,0.9115296353542363,0.6853395967286134,0.08592707367526241,0.08261561019736793,0.1191992720655141,0.9331034863195058,0.8436183758106,0.10492103942973412,0.08514313650279139,0.2502274795268426,0.9497303046737381,0.9290470288557932,0.09512426161507932,0.059139187925828604,0.4381255686988171,0.9388005498347864,0.8304832316278143,0.09368915751123434,0.07662752594557776,0.2370336669699727,0.9307897168846091,0.8236755667507042,0.09423953655173059,0.07515053184719359,2198,P_blend,2035,demo+anthro
0.9205216348887457,0.8345850718436576,0.09355826644526966,0.07637885727603069,0.2256596906278435,0.9094792915273484,0.684475003405762,0.09417598071040437,0.09573089591379244,0.1191992720655141,0.9344240953221535,0.8465788418219093,0.09895885761743801,0.06280408023581338,0.2502274795268426,0.9523217341220291,0.9337284381876673,0.09988712080746251,0.07900119752877996,0.4381255686988171,0.9370459771298945,0.8308947785276716,0.09191457431869264,0.06811698202138361,0.2370336669699727,0.9307585465980341,0.8260524267573335,0.09569895997985345,0.07640640259516003,2198,P_blend,2036,demo+anthro
0.9176407736628633,0.8267621046334983,0.09445956895482788,0.06773736334410448,0.2256596906278435,0.9087636426723866,0.6797944728470421,0.09147144173722768,0.09136191887536566,0.1191992720655141,0.9289833406884378,0.8310953730628091,0.10065175518140518,0.06456379384686936,0.2502274795268426,0.9490130790671862,0.9270930470978022,0.10156128717437171,0.07910454207235089,0.4381255686988171,0.935856804892202,0.8275288571078938,0.09445581720761359,0.0737126319874238,0.2370336669699727,0.9280515281966153,0.8184547709498091,0.09651997405108921,0.07529605002522283,2198,P_blend,2037,demo+anthro
0.919160570107274,0.8351951705326883,0.09163650920342394,0.06747372071513846,0.2256596906278435,0.9113048861270582,0.6778844836373675,0.09066173007863876,0.08720591975097329,0.1191992720655141,0.9281718887908208,0.8357048358120375,0.09695197811876671,0.0520939089058491,0.2502274795268426,0.9498736657123278,0.9329132105331325,0.10432637968810954,0.08198806588799756,0.4381255686988171,0.936581295774261,0.8221932060971812,0.09960818441645,0.08402333491911304,0.2370336669699727,0.9290184613023482,0.8207781813224813,0.09663695630107778,0.0745569900358143,2198,P_blend,2038,demo+anthro
0.9179025624502483,0.8256034119201621,0.10217220490692325,0.08931392538362046,0.2256596906278435,0.9026461264273549,0.683329903099028,0.08752838312622108,0.08832488250458005,0.1191992720655141,0.9299966902030009,0.8358157444857923,0.10511383614652264,0.07703782444422852,0.2502274795268426,0.9491383623208512,0.9241060077970226,0.1001793761192235,0.07162626901669028,0.4381255686988171,0.9370471216652532,0.8258800276658645,0.0945598663683097,0.0716367599396222,0.2370336669699727,0.9273461726133417,0.8189470189935738,0.09791073333344004,0.0795879322577483,2198,P_blend,2039,demo+anthro
0.9146888385580532,0.8204170860347121,0.10435627704946508,0.09384011704093556,0.2256596906278435,0.9090534508863795,0.6939870711097554,0.08861328674981732,0.09085186630321876,0.1191992720655141,0.9252449249779346,0.8254257826579304,0.11105706280483588,0.0909674489019122,0.2502274795268426,0.9477013886261303,0.9254131037749356,0.09275453784719707,0.03906829831281798,0.4381255686988171,0.9363386542782159,0.8223925522573358,0.09827877056833775,0.08304242173708073,0.2370336669699727,0.9266054514653426,0.8175271191669339,0.09901198700393063,0.07955403045919304,2198,P_blend,2040,demo+anthro
0.9156850574276941,0.8315117804291393,0.08991562974342464,0.05979929702627425,0.2256596906278435,0.9120934799066305,0.6856164874806325,0.08362306404602075,0.07789264187819445,0.1191992720655141,0.9313261253309797,0.8394071422070586,0.10611534121322876,0.08689775577080551,0.2502274795268426,0.9510878201975101,0.9312749719925864,0.098380410986561,0.06854445280123295,0.4381255686988171,0.9362058881766064,0.8312721800600786,0.09961844639741325,0.08643355667195121,0.2370336669699727,0.9292796742078842,0.8238165124338991,0.09553057847732968,0.07591354082969168,2198,P_blend,2041,demo+anthro
0.9160759637617981,0.8267558438944991,0.10020472546217772,0.08472555296185609,0.2256596906278435,0.9146288089079552,0.6860039128194063,0.08744599004758842,0.08919963215033654,0.1191992720655141,0.9231807149161517,0.8171290373821669,0.11020338537065669,0.08582279818475516,0.2502274795268426,0.9486498417142785,0.9272720614304736,0.09730998710953118,0.06163082587782946,0.4381255686988171,0.9372073566154716,0.8317585134340753,0.09572953145545979,0.07898329897052646,0.2370336669699727,0.927948537183131,0.8177838737921244,0.09817872388908276,0.08007242162906074,2198,P_blend,2042,demo+anthro
0.9176739414730297,0.8297283325582763,0.09610794989546309,0.07150171818584014,0.2256596906278435,0.9133158002649674,0.6911502612861138,0.08370805359186635,0.07711980611785266,0.1191992720655141,0.9296778464254194,0.8401700528861566,0.09831337625337867,0.055423955094457265,0.2502274795268426,0.9493855655193578,0.9315097547301302,0.10165509030398519,0.07055472989596417,0.4381255686988171,0.9398787021426847,0.8299247497147249,0.09836360784438679,0.0859880187193534,0.2370336669699727,0.9299863711650918,0.8244966302350804,0.095629615577816,0.07211764560269351,2198,P_blend,2043,demo+anthro
